언론사,카테고리,제목,기사내용,좋아요,싫어요,댓글,기사생성날짜,,
MBC,정치,검찰청법 개정안 국회 본회의 통과‥다시 필리버스터,"앵커 여러분 안녕하십니까. 검찰 수사권 분리의 핵심 법안인 '검찰청법 개정안'이 오늘 오후 국회 본회의를 통과했습니다. 국민의힘은 표결에 불참했고, 이 과정에서 욕설과 삿대질, 육탄전도 벌어졌습니다. 자, 국회 연결해 보겠습니다. 김건휘 기자, 오늘 본회의 상황 먼저 정리해보죠. 기자 네, 오늘 오후 4시 20분쯤 시작된 국회 본회의에서 검찰청법 개정안이 통과됐습니다. 국민의힘 의원들은 항의의 뜻으로 표결에 불참했는데, 172명의 찬성으로 법안이 가결됐습니다. 오늘 통과된 검찰청법 개정안은 검찰의 직접 수사 대상을 일단 부패와 경제 범죄로 제한해서 수사권을 줄이고, 수사검사와 기소 검사를 분리한다는 내용입니다. 3일 전 본회의에 상정됐을 때 국민의힘이 무제한토론으로 저지에 나섰지만, 민주당의 '회기 쪼개기'로 토론이 그날 자정 자동 마무리됐습니다. 그리고 새로운 임시국회 첫날인 오늘 첫 번째 안건으로 최종 통과됐습니다. 앵커 검찰 수사권 분리 법안을 두고 여야가 워낙 극한 대치 상황이기는 한데, 오늘 본회의 여는 과정에서 물리적인 충돌까지 있었어요? 기자 네, 의원총회를 마친 국민의힘 의원들이 본회의 시작 직전에 박병석 국회의장실 쪽으로 갔습니다. 권력비리 은폐시도 검수완박 반대한다. [김기현 / 국민의힘 의원] ""국회의장이란 분이 뭐 이렇게 비겁하게 숨어. 이게 뭐야, 이거. 문 좀 열어봐요."" 국민의힘 의원들은 박병석 의장이 본회의장으로 가는 길목을 막아섰습니다. ""걷어찼어! 발로 걷어찼지!!"" 그러다 박 의장이 이를 뚫고 본회의장으로 가는 과정에서 의장실 직원과 국민의힘 의원들 사이에서 거친 몸싸움이 벌어졌습니다. [김웅 / 국민의힘 의원] ""나와! 야이씨! 야, 사람이 죽어가. 이러는 게 어딨어! 이런 천하의 무도한 놈들‥"" 국민의힘 양금희 의원은 구급차에 실려가기도 했는데요, 소란 끝에 결국 본회의는 예정보다 20여 분 늦어졌습니다. 앵커 네, 이런 상황들을 거쳐서 일단 검찰청법은 통과가 됐습니다. 그런데 법안 하나가 더 남지 않았습니까? 형사소송",56,4,"국짐당 쓸님들... 박정희 전두환도 그렇게 까지는 안 했다.. ... 개베충이와 늙은 수꼴 빙따기들이야... 언론이 떠들어대는 대로 손꾸락 놀리겠지만.... 명색이 국개의원 색희들이라면, 최소한 삼권 분립의 의미는 알 것이고.... .. 그러면, 니들이 그러면 안 되는 것이지.. 조은마나한 넘들아...,2022-05-01/지저귀차고 20시간 이상 해라.. 그래야, 서결이, 동후니 한테 미움 안 받는다... ... 국짐 쓰레기님들... 니들도 솔직히 검수완박 해야 한다는 것 동의하잖아.. 정치 검찰 쉐이들 빼고.... ... 개써결이가 검찰 주의자이고... 그 놈...검찰총장당시에 어떤 일이 벌어졌냐? 검찰의 수사권으로 행정부 관료들 모가지 쥐어 틀어 매고, 검찰총장이 대통령 행정권을 박살내 버리려 하고, 대통령의 수하들 모가지를 하나둘씩 따 버리는데.... 이제... 그 넘이 직접 대통령까지 당선됐고.... 입법부까지 쥐어 틀려고 하는데.....,2022-05-01/이제야 민주당이 정신차렸구나~,2022-05-01",2022-04-30,,
MBC,정치,5월 3일 본회의·국무회의서 마무리되나‥ 향후 전망은?,"앵커 오늘 국회 상황 알아봤는데요, 취재기자와 좀더 자세한 얘기 나눠보겠습니다. 정치팀 이기주 기자 나와있습니다. 이 기자, 민주당이 추진하는 핵심 법안, 2개죠. 오늘 통과된 검찰청법 개정안, 그리고 지금 필리버스터 진행 중인 형사소송법 개정안인데, 각각의 핵심 내용부터 짚어보죠? 기자 네. 오늘 검찰청법 개정안은 국회 본회의를 통과했고, 나머지 형사소송법도 이제 의결 수순을 밟게 된건데요, 먼저 오늘 통과된 검찰청법 개정안의 핵심은 검찰이 직접 수사하는 범위를 부패범죄와 경제범죄 2가지로 축소한다는 것입니다. 검찰이 수사도 하고 기소도 해서 과도한 권력을 가지고 있단 비판이 있어 수사 권한을 줄이는 겁니다. 또 ""검사는 자신이 수사한 범죄에 대해선 공소를 제기할 수 없다""라는 규정이 법에 들어갔는데요, 수사 검사와 기소 검사도 분리됩니다. 다만 선거범죄는 올해 말까지 유예를 둬서 이번 지방선거 범죄도 검찰이 수사할 수 있도록 했습니다. 오늘 상정된 형사소송법 개정안은 별건 수사 금지가 핵심인데요. 검찰이 자의적으로 전혀 다른 사건을 수사할 수 없도록 별건 수사 금지 조항을 새로 만들었는데, 다만 경찰이 송치한 사건은 동일성을 해치지 않는 범위 내에서 검찰이 수사할 수 있도록 여지를 열어뒀습니다. 앵커 자, 이른바 '회기 쪼개기'로 오늘이 4월의 두 번째 회기였는데, 하루짜리 회기라서 오늘 필리버스터는 자정에 종료되잖아요. 이후 일정은 이제 어떻게 진행되는 겁니까? 기자 다음 본회의는 다음 달 3일 오전 10시에 예정돼 있습니다. 이날 첫 안건으로 형사소송법 개정안이 처리될 걸로 예상됩니다. 같은 날 국무회의도 예정돼있는데요, 민주당의 계획대로 검찰청법 개정안과 형사소송법 개정안이 이날 국무회의에서 공포될 가능성이 매우 높은 상황입니다. 그러면 두 법안은 4개월 뒤인 오는 9월부터 시행될 전망입니다. 다만 국민의힘이 국회 안에선 방법이 없다보니 헌법재판소에 효력정지 가처분을 내놓고, 사개특위 구성에 대해서도 권한쟁의심판청구서를 냈습니다. 헌재의 결정이 변수남125",125,0,"에휴..참 개혁하는게 힘드네요..겨우 한발...!!!!,2022-04-30/검찰은 개혁대상이다..단지 주먹구구식 개혁이 아닌 많은 고민과 전문과의 의견이 들어간 개혁이 필요하고 그렇게 개혁했으면 검찰의 독립성을 보장해라,,대통령이나 장관이 검찰 총장의 인사권을 마음되로 못하게 하자,2022-04-30/좀 아쉽네요.2가지까지 없애야.검찰공화국,2022-04-30",2022-04-30,,
MBC,정치,"엄마, 보고 싶었어요‥ 요양병원 눈물의 상봉","앵커 3년 만에 돌아온 연등회 풍경, 참 반갑습니다. 자, 반가운 소식, 하나 더 전해드립니다. 거리두기가 해제되면서 요양병원에서도 오늘부터 3주 동안 투명가림막마저 완전히 사라진 진짜 면회가 가능해졌습니다. 얼마나 맞잡고 싶던 손이었을까요. 임소정 기잡니다. 리포트 ""자~ 누가 왔나 봐요."" 오랜만에 잡아보는 딸의 손. ""우리 엄마야 <우리 엄마야? 엄마왔어 엄마왔어>"" 84살 노모는 아이처럼 울음을 터뜨립니다. 치매로 딸조차 알아보지 못하지만, 그리운 마음만큼은 잊어버리지 않았습니다. [윤현주·박춘생] ""엄마가 제일 좋아‥ 엉엉 <울지 마세요> 너무 좋아서 그래. <울면 얼굴 못 보는데>"" 유리창 너머로 볼 수밖에 없었던 노모의 얼굴을, 오늘은 몇 번이고 쓸어줍니다. 20분간의 짧은 면회, 발걸음이 쉽게 떨어지지 않습니다. [윤현주] ""부모님의 시간은 오늘이 마지막일 수도 있잖아요‥ 코로나 아니면 계절마다 여행도 모시고 다니고 그랬는데 그게 안 되니까 빨리 더 잊어버리시는 거 같아요."" 접촉 면회 허용 첫 주말, 벌써 예약이 꽉 찼습니다. [곽금봉 / 시립동부노인요양센터장] ""전체 보호자들이 다 예약을 했다고 볼 수가 있는 거죠. 대면면회 한다는 말씀만 드려도 눈물 글썽글썽하시는 어르신들도 많이 있습니다."" 하지만 면회 최대 인원은 입소자 당 4명, 코로나에 걸리지 않았던 사람들은 3차, 확진됐던 사람들은 2차까지 접종했다는 증명서를 제출해야 합니다. 이 밖에도 신속항원검사 음성 결과를 내야 면회실로 들어갈 수 있습니다. 때문에 함께 요양원을 찾고도, 일부 가족은 유리창 너머로 부모님을 만나야 했습니다. ""다 못 들어왔어 엄마 4명이래 4명‥ <아들들은 봤어요 어머니?>"" ""할머니 사랑해요~ 할머니 손 아파 안 아파"" 기대를 안고 찾아갔지만, 아직 면회 공간 마련이 안 돼 면회를 못한 곳도 있었습니다. [김다혜] ""대면 면회 가능했던 적이 있었거든요. 그 순간이 엄청 짧았어요. 다시 면회 못하게 된다고 했을 때 엄청 슬펐는데 "" 접촉 면회가 허용되는 건, 다음 달 22일까지 3주간. 돌아서는 부모님의 뒷모습을 보며 자녀들은 곧 다음 만남을 기약할 수 있길 바랐습니다. MBC뉴스 임소정입니다.",7,0,"이제 조금씩 코로나 이전의 일상으로 돌아가고 있는 느낌이다. 몇 년만에 손을 맞잡은 가족의 사연이 뭉클하다.,2022-04-30",2022-04-30,,
MBC,정치,멧돼지로 오인‥72살 택시기사 엽사 총에 맞아 숨져,"이준석 국민의힘 대표가 30일 정부의 실외 마스크 해제 결정에 반발한 대통령직인수위원회를 향해 ""신구 정권 간의 갈등으로 비치지 않도록 각별히 메시지를 주의해달라""고 경고했다. 전날 정부의 결정을 비판한 안철수 인수위원장을 겨냥한 것으로 보인다. 이 대표는 이날 페이스북에 ""마스크 착용 해제는 문재인 정부와 윤석열 정부의 갈등 상황으로 비쳐서는 안 되는 문제""라며 ""현재 확진자 추이 등을 보면 실외 마스크 착용 해제는 타당성이 있어 보인다""고 썼다. 이번 발언은 안 위원장을 향한 것으로 보인다. 앞서 김부겸 국무총리가 29일 오전 중앙재난안전대책본부(중대본) 회의에서 실외 마스크 착용 의무 해제를 발표한 직후, 안 위원장은 ""과학적 근거가 명확하지 않다""고 비판했다. ""방역 성과의 공을 현 정부에 돌리려는 것 아니냐는 우려가 있다""고도 주장하면서 '신구 권력의 알력 다툼'이란 평가가 나왔다. 정은경 질병관리청장은 안 위원장의 발언이 나온 뒤 ""실외 마스크 착용 의무 조정을 정치적으로 판단하지 않았다""고 반박했다. 이 대표는 윤석열 정부가 과도한 방역지침을 완화하는 방향으로 가야 한다고도 주장했다. 그는 ""문재인 정부는 행정편의주의로 방역에 의한 희생을 소상공인과 자영업자에게 강요했다""며 ""그것을 지적하면서 들어서는 윤석열 정부는 방어적인 자세로 방역에 나서서는 안 된다""고 했다.",11,12,"애네들 주특기인가? 어제는 문대통령이 마지막으로 국민청원 답변하면서 윤당선자가 국민과의 소통을 말하면서 집무실을 국방부청사로 옮기는것은 이해할수 없다 고하니 이준석이 떠나는 대통령이 무례하다 는듯 씹어놓고선 지금 무슨 개풀 뜯는소리고 신구정권 갈등 초래하지말래?,2022-04-30/솔직히 안철수가 코로나19 전문가인가? 인수위에 전문가가 몇 명이나 있나? 질병청에서 전국의 수많은 전문가 자문 받아서 순리적으로 하고 있는 일에 대해 반대만 일삼는 안철수 참으로 한심하다. 뭐 이 정부가 공을 가져가려고 그런다고?,2022-04-30/이준석은 아직도 별일이 없나요,, 참 이상한 나라네,, 누구는 명예 훼손이라고 현관문까지 뜯어가며 체포하고,, 어떤 이은 성상납에 놔물까지 받아도 오히려 어깨에 힘주고 활보하고,, 이게 나라야??,2022-04-30/근디 야는 와 아적도 기소 않는디 대단혀 개끝발인감,2022-04-30/국힘은 왜 아직 이준석이 안짤랐냐?,2022-04-30/기사가 왜 같은 당을 이간질 시키고 있을까,2022-04-30",2022-04-30,,
MBC,정치,"614억 횡령 은행직원 ""물의 빚어 죄송""‥ 은행 측 압박에 자수","앵커 어젯밤 서울 구기터널 인근 산자락에서 택시기사가 멧돼지를 쫓던 엽사의 총에 맞아 숨졌습니다. 어두운 산속에서 택시기사를 멧돼지로 착각해 일어난 사고인데요. 경찰은 엽사에 대해 구속영장을 신청했습니다. 김민형 기자가 취재했습니다. 리포트 어둠 속에서 수풀 옆에 쓰러진 남성을 구급대원들이 응급처치합니다. 어젯밤 8시 20분쯤, 서울 은평구 구기터널 인근 북한산 입구에서 70대 택시기사가 총에 맞아 병원으로 옮겨졌지만 끝내 숨졌습니다. 택시기사가 북한산 공원 입구에 차를 세운 뒤 등산로 쪽에 들어가 있었는데, 근처를 지나던 70대 엽사가 쏜 총에 맞은 겁니다. 택시 기사는 약 15미터 거리 산 쪽에서 엽사가 쏜 총에 팔과 옆구리를 맞아 병원으로 옮겨졌지만 끝내 숨졌습니다. 엽사는 어두운 산에서 멧돼지를 쫓아 내려오던 중, 택시기사의 움직임과 소리를 멧돼지로 오인해 총을 쐈다고 경찰에 진술했습니다. [김상국 / 서울 서부경찰서 형사팀장] ""저희가 랜턴(손전등)으로 비췄을 때 어두워서 안 보였으니까. (사건) 전날에도 여기서 멧돼지를 한 마리를 사살했고."" 이 부근에선 멧돼지가 자주 출몰해 늦은 밤에도 엽사들이 종종 오갔던 것으로 알려졌습니다. [등산객] ""멧돼지 가끔 봐요. 특히 눈 오고 그럴 땐 멧돼지 발자국도 상당히 많이 나 있고."" [인근 주민] ""3월부터. 거기서 잠복해 가지고. 아저씨들 돼지 잡는다고"" 사고를 낸 엽사는 서울시 멧돼지 출현 방지단 소속으로, 수렵 허가와 관련된 결격 사유나 사고 이력은 없는 것으로 확인됐습니다. 어제도 오후 5시 50분쯤 종로구의 한 파출소에 보관 중이던 엽총을 받아 멧돼지 포획에 나선 길이었습니다. 지자체와 한강유역환경청은 이들이 멧돼지를 사살할 때마다 20만 원을 지급하고 있습니다. 서울 서부경찰서는 엽사에 대해 업무상 과실치사 혐의로 구속영장을 신청했습니다.",3,20,NULL,2022-04-30,,
MBC,정치,교육부 지원 '풀브라이트'‥ 단장 가족 '영리' 도구였다?,"'풀 브라이트' 재단. 최근 김인철 교육부 장관 후보자 가족 4명이 모두 장학금을 받은 것으로 알려지면서 논란에 휩싸인곳이죠. 김 후보자는 이 재단이 70년 넘게 운영돼 온 '공신력' 있는 곳이라면서 의혹을 일축했는데요. 알고보니 김 후보자 딸에게 장학금을 준 한미교육위원당 단장도 재단을 자신의 가족들을 위한 영리 도구로 이용했다는 사실이 드러났습니다. 김지인 기자입니다. 리포트 김인철 교육부장관 후보자 딸이 2016년 쓴 석사 논문 감사의 말. ""풀브라이트 장학생으로 선정해 준 한미교육위원단 '심 모 단장'에게 특히 감사드린다""고 써있습니다. 심 단장은 한국 정부와 미 국무부가 함께 운영하는 한미교육위원단에서 지난 2004년부터 2019년까지 단장직을 맡았습니다. 그런데 지난 2018년, 약 14년 만에 다른 사람이 단장으로 내정됩니다. 2013년 심 단장이 장학관으로 직접 채용한 전 모 씨. 심 씨의 장남입니다. 7천 2백여만 원의 연봉을 받는 계약직으로 시작했는데, 단장 취임시 연봉은 1억 2천6백만 원으로 책정됐습니다. 하지만 위원단 중 누구도, 이들이 모자 관계인지 몰랐습니다. 문제는 위원단에 '친족등용금지' 규정이 있었다는 것, 뒤늦게 이를 알게 된 한 이사가 문제를 제기해 진상조사가 시작됐고, 전 씨는 증거인멸까지 시도하다 해고됐습니다. 하지만 이후 소송을 제기했고, 올해 2월 2심에서도 패소했습니다. 이 뿐만이 아닙니다. 심 단장은 차남 소유 건물을 한국으로 오는 풀브라이트 유학생들 숙소로 활용하면서 시세보다 높은 임대료를 받았고, 자신의 아파트 경비도 재단 돈으로 처리하라고 지시했습니다. 심 씨는 그러면서도 지난 2013년 한 언론 인터뷰에서 '부모들이 정도를 걸어야 한다'고 주장하기도 했습니다. [심00 한미교육위원단장 / 한수진의 SBS전망대 (2013년)] ""어렸을 때부터 정도를 가는 걸 가르쳐야 되는데, 우리가 부모들도 정말 각성을 해야 됩니다. 내 자식을 올바로 키우는 것이 어떤 길인가. 그거 생각하셔야 돼요‥"" 교육부로부터 지난 10년간 약 357억 원의 지원을 받은 한미교육위원단은 지금까지 단 한 차례도 관리 감독을 받지 않은 것으로확인됐습니다.",0,546,"풀부라이트 일가족범죄단 ?,2022-05-01/Full bribe!,2022-04-30/윤짜장 옆에 있는 것들은 전부 다 사기에 국민 혈세 뽑아먹는 흡혈귀같은 괴물들 밖에 없냐??????,2022-04-30/교육부는대대로 극매뉴들가득해. 산하조직들도..,2022-04-30  ",2022-04-30,,
MBC,정치,"핵 선제공격' 강경 발언 이어가는 김정은, 왜?","앵커 핵 사용을 대놓고 언급하는 건 북한 뿐만이 아닙니다. 우크라이나에서 고전하고 있는 러시아는 핵전쟁을 들먹이며 서방을 위협하고 있습니다. 여기에 미국과 맞서는 중국은 핵무기 수를 빠르게 늘리고 있고 미국도 유사시엔 핵무기를 사용할 수 있다며 맞서고 있죠 냉전 이후 그동안 잊고 있던 핵전쟁이 난데없이 실제로 일어날 수도 있다는 위기감이 퍼지고 있습니다. 권희진 국제문제 전문기자가 자세히 전해드립니다. 리포트 우크라이나 침공을 앞둔 2월 19일, 러시아군은 핵무기 공격 실전훈련에 돌입합니다. 핵탄두를 장착할 수 있는 탄도미사일을 핵잠수함에서 발사하고, 육지의 이동식 발사대에서도 미사일을 쏘아 올렸습니다. 전술핵폭격기까지 훈련에 나서 목표물을 타격했습니다. 이후 우크라이나 침공으로 제재가 시작되자 러시아의 핵무기 부대들이 일제히 전투준비 태세에 돌입했습니다. [블라디미르 푸틴 / 러시아 대통령] ""나는 우리 핵억제 부대가 전투준비 태세에 돌입하라고 군에 명령했습니다."" 개전 2달 뒤인 지난 21일, 러시아는 신형 대륙간탄도미사일, ICBM을 발사했습니다. 10개 이상의 핵탄두로 프랑스 정도의 면적을 한 번에 초토화할 수 있고, 음속 27배의 극초음속 무기도 여러 개 탑재 가능합니다. [블라디미르 푸틴 / 러시아 대통령] ""이 새로운 미사일은 최고 수준의 기술이 적용돼 어떤 미사일 방어 체계도 무력화할 수 있습니다."" 지난달 러시아 크렘린궁 페스코프 대변인은 '국가 존립에 위험이 있을 때'엔 핵을 사용할 수 있다고 말했습니다. 러시아가 지난 2020년, 서방을 겨냥해 이례적으로 공개한 '핵무기 사용 기준'을 들먹이며 핵전쟁을 경고한 것입니다. 실제로 푸틴은 전술핵 사용도 검토 중입니다. '전술핵'은 단거리 미사일이나, 전투기에 탑재 가능한 소형 핵무기를 말합니다. 러시아가 우크라이나 전쟁에서 불리해지면 전술핵으로 전세를 뒤집으려 할 가능성이 있다는 전망도 나옵니다. 이렇게 되자 핵전쟁 위험을 줄이기 위해 핵무기를 극히 제한적으로만 사용할 것이라던 미국도 태도를 바꿨습니다. 바이든 대통령이 '핵공격에 대한 반격으로만 핵을 쓰기로 한다'던 공약을 최근 폐기한 거죠. 미국 국방부는 지난달 '극단적인 상황'에선 핵무기 사용을 고려할 것이라고 밝혔습니다. 이런 상황에서 중국도 빠르게 핵무기 수를 늘려가고 있습니다. 중국 서부 간쑤성 사막에선 최근 120여 개의 미사일 격납고가 포착됐습니다. 앞서 신장 지역에서도 110개의 미사일 격납고가 발견됐습니다. 미국 국방부는 중국이 몇 년 뒤면 지금의 3배인 1천 개 가까운 핵무기를 갖게 된다고 전망합니다. 미국 과학자연맹 보고서 러시아는 4천5백 개, 미국은 3천7백 개의 핵탄두를 보유한 것으로 알려지고 있습니다. 러시아와 미국이 주도하는 핵무기 경쟁에 중국도 본격적으로 뛰어든 것입니다. [류성엽 / 21세기군사연구소 전문연구위원] ""(중국이) 대만을 침공하게 되면 미군이 개입한다는 건 이미 결정돼 있는 내용이라고 하더라도 (핵무기가 있다면 미국이) 한번 고민하면서 개입 속도를 늦출 수는 있겠죠."" 이런 분위기 속에 사실상 핵보유국인 북한의 태도도 마치 러시아를 따르듯 거칠어지고 있습니다. 북한 김정은 위원장은 '국가의 근본이익'이 침탈당하면 핵을 쓸 수 있다던 발언에서 더 나아가 아예 선제 핵공격까지 거론했습니다. 핵무기 경쟁에 더해, 핵보유국들이 필요하면 핵을 쓸 수 있다고 잇따라 밝히기까지 하면서 그동안 비현실적으로만 여겨졌던 핵전쟁의 공포가 구체화 되는 모습입니다. MBC뉴스 권희진입니다.",0,6,"저새끼 ㅋㅋ 절대 못쏨ㅋㅋㅋ 장담한다 정은아 넌 절대로 먼저 못쏜다..,2022-04-30/우리가 선제공격 이야기할때는 좌빠리들이 벌떼처럼 날뛰드만 지금은 한마디도 없네 ,2022-04-30/선제공격은 석럴이가 먼저.,2022-04-30",2022-04-30,,
MBC,정치,[권희진의 세계는] 다시 고개드는 '핵전쟁' 공포,"김정은 북한 국무위원장이 ""적대세력들에 의해 지속되고 가증되는 핵위협을 포괄하는 모든 위험한 시도들과 위협적 행동들을 필요하다면 선제적으로 철저히 제압·분쇄하기 위하여 우리 혁명무력의 절대적 우세를 확고히 유지하고 부단히 상향시켜나가겠다""고 밝혔다. 지난 25일 열린 조선인민혁명군 창건 90주년 기념 열병식에 이어 다시 한 번 선제 핵공격 의지를 다진 것이다. 30일 조선중앙통신에 따르면, 김 위원장은 열병식을 지휘했던 군 수뇌부들을 당 중앙위원회 본부청사로 불러 격려하는 자리에서 이같이 말했다. 김 위원장은 이 자리에서 ""계속 강해져야만 자기의 존엄과 권익을 지킬 수 있는 현 세계에서 누구도 멈춰 세울 수 없는 가공할 공격력, 압도적인 군사력은 우리 국가와 인민의 안녕과 후손만대의 장래를 담보하는 생명선""이라고 했다. 이어 ""조국과 혁명, 인민 앞에 지닌 숭고한 사명감을 순간도 잊지 말고 필승의 자신심을 가지고 위대한 우리 국가의 자위력을 백방으로 다지기 위한 성스러운 위업에 몸과 마음, 지혜와 열정을 아낌없이 바쳐나가""라고 군 수뇌부들에게 지시했다. 격려 모임에는 박정천 당 중앙군사위원회 부위원장 겸 당비서와 리영길 국방상 등이 참석했다. 김 위원장은 왼쪽에 박정천, 오른쪽에 리영길을 앉혀 참석자들과 기념사진도 찍었다. 김 위원장은 지난 25일 열병식에서도 핵무기를 전쟁 방지가 아닌 다른 용도로 사용할 수 있다고 강조했다. 그는 ""핵 무력의 기본 사명은 전쟁을 억제함에 있다""면서도 ""어떤 세력이든 우리 국가의 근본 이익을 침탈하려 든다면 우리의 핵 무력은 의외의 자기의 둘째가는 사명을 결단코 결행하지 않을 수 없을 것""이라고 말했다.",0,4,NULL,2022-04-30,,
MBC,정치,현대차가 중고차 시장에 뛰어든 진짜 이유는? - 빅데이터의 시대,"현대차가 내년 5월부터 본격적으로 중고차 시장에 뛰어들게 됐습니다. 워낙 불신이 컸던 시장이라 소비자들은 일단 환영하는 분위기인데요. 현대차가 중고차 시장에까지 뛰어들려는 진짜 이유는 뭘까요? 혹시 우려되는 점은 없을까요? 김윤미 기자가 짚어드립니다. 리포트 대기업의 중고차 시장 진출은 10년간 묶여 있었습니다. 2013년부터 6년 동안 '중소기업 적합업종'으로 지정됐고, 그 6년이 끝나자 중고차 업자들이 '생계형 적합업종' 지정을 신청했기 때문입니다. 3년 동안 심사를 끌어오던 정부가 현대차의 중고차 시장 진출을 허용했습니다. 단 1년간 유예해 내년 5월부터 사업을 시작하고, 판매량을 제한했습니다. 중고차 시장은 비약적으로 커졌습니다. 중고차를 찾는 사람은 최근 10년 새 20%나 증가했습니다. 특히 코로나 사태 이후 차량용 반도체 부족으로 신차 대기 시간이 길어지자, 웃돈을 주고서라도 중고차를 사려는 사람까지 생겼습니다. 지난해 국내 등록된 중고차는 394만대로, 신차 등록 대수인 173만 대의 두 배가 넘습니다. 완성차 업체인 현대차와 기아는 이미 자체 검수를 통해 품질 좋은 중고차를 내놓겠다는 계획을 밝히고 있습니다. 기존 업자들과 차별화하겠다는 겁니다. 특히 앞으로 점점 자동차가 전자제품처럼 변하면서, 이동경로나 소비패턴 같이 차를 통해 모을 수 있는 빅데이터도 중고차 시장에 진출하는 중요한 목적입니다. [김필수 / 대림대 미래자동차공학부 교수] ""단순하게 신차만 판매해서 공급하던 시점에서 이제는 생애 주기형 자동차 관리로 바뀌었다는 겁니다. 차만 파는 게 아니라 폐차할 때까지 모든 과정을 보는‥"" --------------------------------하지만 기존 중고차 업체들은 여전히 반발하고 있습니다. [지해성 / 한국자동차매매사업조합 사무국장] ""한 50% 이상은 폐업하고 종사자들도 떠나야 하는 것으로 추산하고 있는데 전직에 대한 재교육이라든지, 그런 고려들은 전혀 빠져 있고요."" 이미 현대차와 기아가 국내 자동차 시장의 70%를 점유하고 있는데, 중고차 시장까지 장악하면 결국 중고차 값도 오를 거라는 우려도 나옵니다. MBC 뉴스 김윤미입니다.",4,1,"으휴 바보들 뭐하러 갔다왔냐.충성맹세하러 갔었나보군.앞으로 일본에 어떻게 해드릴게요 하면서 머리 조아리고 왔군,2022-04-30/일본이 윤석열 차기 대통령 한일정책협의대표단을 맞이한 가장 큰 목적은 문재인 정권이 차기 대통령 스태프 한일 외교관계의 인계를 받고 있는지 확인하는 것이었다. 문재인 정권은 박근혜 정권에서 이어받는 일 없이 신뢰관계를 파괴했을 뿐이었다. 최대의 현안인 대법원에 의한 ""징용공재판의 확정판결""에 대해 일본은 청구권협정 제3조(분쟁해결 절차)에 근거하여 문제 해결을 요청했지만 문재인 정권이 거부했다. .,2022-04-30/왜늠들 저거끼리 살게 냅둬!!! 가지마라!!!,2022-04-30",2022-04-30,,
MBC,정치,버려진 마을 '우토로'의 희망‥평화기념관 문 열어,"조선인 강제징용 노동자들이 집단 거주하던 일본 우토로 마을에 오늘 평화기념관이 문을 열었습니다. 1942년에 끌려와 온갖 고난을 겪었던 조선인 노동자들. 80년 만에 들려 온 반가운 소식인데, 아직 해결해야 할 문제는 많습니다. 현영준 특파원이 우토로 마을에 다녀왔습니다. 리포트 1941년 미국 진주만을 기습 공격한 일본은 장기전을 위해 교토 외곽 우지시에 대규모 군 비행장과 군용기 공장을 짓기 시작했습니다. 건설 공사에 동원된 인력이 2천 명 정도였는데 그 중 1,300명이 조선 사람들이었습니다. 그러나 일본이 패망하면서 비행장 건설은 중단됐고, 고향으로 돌아갈 뱃삯조차 없었던 조선인들은 이곳에 방치됐습니다."" 뿔뿔이 흩어졌던 조선인들 중 일부는 우토로에 무허가 판자집을 짓고 어렵게 삶을 이어갔습니다. [소관수(74세) / 강제징용노동자 후손] ""(지붕이) 50미터, 100미터까지 날아갔습니다. 큰 태풍이 올 때 날아갔습니다. 이웃 사람들이 도와줘서 다시 지붕을 올렸습니다"" 그런데 1987년 일본의 한 부동산 기업이 우토로 마을의 토지 소유권을 사들였고 부동산 개발에 나섰습니다. 일본 최고재판소마저 명도 소송에서 부동산 회사의 손을 들어줬고, 우토로 마을은 강제 철거될 위기에 처했습니다. 이 사연을 알게 된 일본의 양심 세력과 한국의 시민단체가 '우토로를 지키는 모임'을 만들었고, 2007년엔 한국 정부로부터 30억 원을 지원받아 마을을 되찾게 됐습니다. 판자집 대신 새 주택도 지원받게 됐습니다. 오늘 개관한 우토로 평화기념관엔 그동안의 굴곡진 조선인 강제징용 노동자들의 삶이 고스란히 전시돼 있습니다. [타가와 아키코 / 우토로평화기념관장 ] ""(일본내에서) 혐한범죄도 일어나고 있습니다. 그러나 (우토로 평화기념관을 통해) 저 같은 보통 일본인이 재일 한국인들과 사이좋게 지내기를 바랍니다."" 우토로의 조선인들은 다행히 마을을 되찾았지만, 군함도와 사도광산, 신일본제철 등 일본이 외면하고 있는 강제 징용 피해자들은 여전히 가혹했던 악몽에서 벗어나지 못하고 있습니다. MBC뉴스 현영준입니다.",11,0,NULL,2022-04-30,,
MBC,정치,"권성동 ""문 대통령, 검수완박 수혜자 아닌 거부권자 돼야""","국민의힘 권성동 원내대표가 문재인 대통령을 향해 ""검수완박의 수혜자가 아닌 거부권자가 돼야 한다""고 촉구했습니다. 권 원내대표는 오늘 국회에서 열린 의원총회에서 ""문 대통령께서는 인의 장막 뒤에 숨지 말고 면담에 응해주시기를 바란다""며 이같이 말했습니다. 이어 ""청와대 이전이 백년대계면 대한민국 형사사법 시스템을 고치는 문제는 천년대계""라면서, 문 대통령의 최근 방송 대담을 두고도 ""별나라 대통령 같다는 비판이 나올 만큼 민심과 동떨어져 있다""고 비판했습니다. 권 원내대표는 헌법재판소를 향해서도 ""검수완박 악법의 중대한 절차적 하자를 바로잡아야 한다""고 주장했습니다. 검찰청법 개정안 표결을 앞둔 민주당 의원들에게는 ""악법의 동조자, 방임자가 되지 말고 소신껏 반대표를 던져달라""고 호소하기도 했습니다.",0,8,"더러운 사쿠라 새끼야, 석럴이 지지율이 위험 수위다, 이런지지율 가지고는 대통수행 불가능이다,2022-04-30/터진입이라고 막시부리지마라.
니가 검찰수사권 수혜자아니야???
강원랜드 채용비리 혜택봤자나??
그럼 아가리닥치고있어라.
깨끗한척하기는 역겹다.
너같은 몇놈때문에 5년이참 걱정된다,2022-04-30/미안해서 그러는거 같은데 고마하소.. 우린 쇼질하지맙시다...우리가 양아치랑같아서야 돼겟어요?,2022-04-30/여고 야고 검찰 개혁이 공감대가 있었는데 짱을 검사출신을 뽑아놨으니... 시끌시끌한 짓거리들만 하니 ...,2022-04-30",2022-04-30,,
MBC,정치,"이준석, 안철수 겨냥 ""마스크 착용, 신구갈등으로 보여선 안 돼""","이준석 국민의힘 대표는 문재인 정부의 실외 마스크 착용 의무 해제에 대해 ""타당성이 있다""면서 이에 반대한 안철수 대통령직 인수위원장을 겨냥해 ""신구 정권 간의 갈등으로 비치지 않도록 각별히 메시지를 주의해달라""고 경고했습니다. 이 대표는 오늘 SNS에 올린 글에서 ""현재 확진자 추이등을 보면 실외 마스크착용 해제는 타당성이 있어 보인다""고 적었습니다. 이어 ""다른 문제와 다르게 이것은 문재인 정부와 윤석열 정부의 갈등상황으로 비춰져서는 안되는 문제이고 많은 국민들과 소상공인들의 생계와도 직결된 문제""라고 지적했습니다. 그러면서 ""인수위에서 가진 우려가 신구 정권간의 갈등으로 비춰지지 않도록 각별히 메시지를 주의했으면 한다""고 당부했습니다. 이 대표의 이같은 발언은 어제 안철수 인수위원장이 정부의 야외 마스크 의무 해제 방침에 대해 ""과학적 근거가 명확하지 않다""며 비판한 다음에 나와 안 위원장을 겨냥한 것으로 보입니다. 이 대표는 ""문재인 정부는 행정편의주의로 방역에 의한 희생을 소상공인과 자영업자에게 강요했다""며 ""그것을 지적하면서 들어서는 윤석열 정부는 방어적인 자세로 방역에 나서서는 안 된다""고 주장했습니다. 그러면서 ""다만 실내-실외 구분이 모호한 구역에서의 지침과 사람이 밀집한 대중교통수단 등에서는 마스크 착용 등에 대해서 방역당국이 면밀하게 판단하고 안내, 홍보할 수 있도록 해야 한다""고 강조했습니다.",1,0,NULL,2022-04-30,,
MBC,정치,"김정은 ""적대세력 핵 위협 필요시 선제 제압""","김정은 북한 국무위원장이 ""적대세력의 위협을 선제적으로 철저히 제압해야 한다""며 강경 발언을 이어갔습니다. 미국 국무부는 북한의 핵 실험 준비정황을 두고 ""안정을 해치는 추가 행동을 자제하라""며 대화 복귀를 거듭 촉구했습니다. 홍의표 기자입니다. 리포트 조선인민혁명군 창건 90주년 열병식에서 '핵 선제 사용 가능성'을 시사한 김정은 국무위원장. 김 위원장은 열병식을 지휘한 군 수뇌부를 불러 격려하는 자리에서 강경한 메시지를 거듭 내놨습니다. 조선중앙통신에 따르면, 김 위원장은 ""적대세력들에 의해 지속되는 핵 위협과 모든 위협적 행동들을, 필요하다면 선제적으로 철저히 제압해야 한다""고 말했습니다. 앞서 '북한의 근본이익을 침탈한다면 핵을 사용할 수 있다'며 열병식에서 한 발언의연장선으로 보입니다. 김 위원장은 또 ""계속 강해져야만 자기의 권익을 지킬수 있는 현 세계에서, 압도적인 군사력은 우리 국가의 안녕을 담보하는 생명선""이라고 강조했습니다. 국가를 지킨다는 명목으로 미사일 개발이나 핵 실험 등을 지속하겠다는 뜻으로 해석되는 발언입니다. 이런 가운데 미국 국무부는 ""북한이 몇 달 안에 핵 실험을 준비하고 있을지 모른다는 보도를 알고 있다""며 우려를 표했습니다. 절리나 포터 국무부 부대변인은 ""북한이 안정을 해치는 추가 행동을 자제하고, 진지하고 지속적인 대화에 관여하는 것을 선택하길 촉구한다""고 말했습니다. 미국 전략국제문제연구소도 ""국제사회가 우크라이나 사태에 집중하는 사이 북한이 미사일 도발을 이어가고 있다""고 지적하며 ""미국이 북한의 위협에 대응하기 위한 차세대 요격 미사일 배치를 서둘러야 한다""고 강조했습니다. MBC뉴스 홍의표입니다.",0,0,NULL,2022-04-30,,
MBC,정치,"""4월 군사·경제 성과는 김정은 덕분""…北 우상화 드라이브","북한이 김정은 국무위원장 공식 집권 10년, 김일성 주석 생일 110주년, 조선인민혁명군 창건 90주년 등 대형 행사가 몰렸던 4월을 마감하며 김 위원장 우상화에 더욱 박차를 가했습니다. 노동당 기관지 노동신문은 30일 1면 사설 `4월의 드높은 기세로 새 승리를 향해 힘차게 나아가자`에서 ""우리 인민이 뜻깊은 4월을 계기로 주체조선의 필승 불패성을 만방에 힘있게 떨칠 수 있은 것은 김정은 동지의 비범한 예지와 정력적인 영도의 고귀한 결실""이라며 모든 성과를 김정은에게 돌렸습니다. 그러면서 ""전체 인민과 인민군 장병들은 엎어놓아도, 거꾸로 매달아 놓아도 오직 경애하는 총비서 동지만을 굳게 믿으라""며 ""수령의 사상과 권위를 옹위하는 길에 자신의 모든 것을 다 바쳐나가야 한다""고 충성을 독려했습니다. 이어 ""총비서 동지의 유일적 영도체계를 더욱 철저히 확립하여 온 나라를 당 중앙과 사상과 뜻, 행동을 같이하는 하나의 생명체로 만들어야 한다""고 강조했습니다. 특히 신문은 ""열병식 참가자들은 원수복을 입으신 총비서 동지를 우러러 목청껏 만세의 환호를 올렸다""고 언급, 김 위원장이 지난 25일 열병식에 원수복을 입고 등장했던 것을 다시금 환기했습니다. 이는 김일성 주석이 6·25전쟁 직후인 1953년 7월 열병식에서 새하얀 원수복 차림으로 나타나 최고통수권자로서의 지위를 보여줬던 것과 겹칩니다. 김 위원장은 열병식에 이어 지난 27일에도 원수복 차림으로 열병식 참가 병사들과 기념촬영을 했고, 이날도 모든 주민이 보는 노동신문에 군 수뇌부들과 원수복을 입은 채 촬영한 사진을 실었습니다. 신문은 열병식 직후 매일 김 위원장을 `만고절세 영웅`, `또 한분의 태양`이라고 묘사하는 사설을 실어 우상화하고 있습니다.",0,0,NULL,2022-04-30,,
MBC,정치,"민주, 오늘 본회의서 검찰청법 표결처리‥형사소송법 상정","더불어민주당은 오늘 국회 본회의에서 검찰 수사권 분리 법안의 하나인 검찰청법 개정안을 표결 처리합니다. 민주당은 앞서 지난 27일 본회의에서 검찰청법 개정안에 대한 국민의힘의 무제한 토론을 회기 종료로 종결시켰습니다. 민주당은 오늘 본회의에서 검찰청법 개정안을 통과시킨 뒤 형사소송법 개정안을 상정할 계획입니다. 회기 하루짜리 본회의인 만큼 국민의힘이 또 무제한토론을 신청해도 오늘 밤 12시 자동 종료되며, 다음 본회의에서 형사소송법 개정안에 대한 표결이 진행됩니다. 민주당은 5월 3일 본회의에서 형사소송법을 통과시키고 문재인 정부의 국무회의에서 관련 법안들을 공포한다는 구상입니다.",1,0,"진작 이렇게 했었어야 지난 번 선거를 이기지. 김고니 좋겠다..법을 지키지 않아도
벌도 안받고 털어 준다는 소리를하니..
법무부 장관도 국민들은 교통 벌칙금도 빠짐없이 납부하는데..
이들은 모든것이 허용되고 법에 처분을 받을 필요가없으니까..
검찰 가족들도 대단하고 판사 가족 들도 엄청부럽다 시고도 안하고 재판받아도 모두 무죄고
기소되는것은 힘없는사람만이 벌을받는것이 공정한사회.. 상식 인가 봅니다.
공정과 상식이 적용되는 모든 공직자 대상 공정과 상식법을 이제 만들어야 합니다 그러면 모든 사회가 좋아 질 것입니다,2022-04-30",2022-04-30,,
MBC,정치,"또 핵 위협한 김정은, 푸틴 보고 배웠나?","""적대 세력들에 의해 지속되고 가증되는 핵 위협을 포괄하는 모든 위험한 시도들과 위협적 행동들을 필요하다면 선제적으로 철저히 제압 분쇄하기 위해 우리 혁명 무력의 절대적 우세를 확고히 유지하고 부단히 상향시켜나가야 한다."" 오늘(30일)자 노동신문에 실린 김정은 북한 국무위원장의 발언입니다. 앞서 김 위원장은 지난 25일 열린 조선인민혁명군 90주년 기념 열병식에선 이렇게 말했습니다. ""어떤 세력이든 우리 국가의 근본 이익을 침탈한다면 우리 핵 무력은 의외의 자기의 둘째가는 사명을 결단코 결행하지 않을 수 없을 것이다."" 여기서 김 위원장이 말하는 근본 이익이라는 게 정확히 뭘 말하는지는 모호합니다. 하지만 오늘 공개된 발언과 종합해보면 결국 북한이 판단하기에 자신들의 이익이 침해되는 무언가가 있다면 언제든 선제적으로 핵을 사용할 수 있다는 의미로 풀이됩니다. 또 핵 위협한 김정은, 푸틴 보고 배웠나? 김 위원장은 왜 자꾸 이런 강경 발언을 내놓는 걸까요? 이와 관련해 한 가지 주목해서 볼만한 관점이 있습니다. 그의 발언이 우크라이나 전쟁에서 보여주고 있는 러시아 푸틴 대통령의 행동에서 영향을 받은 것이란 분석인데요. 이런 분석을 내놓은 전문가들의 생각을 자세히 정리해봤습니다. 또 핵 위협한 김정은, 푸틴 보고 배웠나? 차두현 아산정책연구원 수석연구위원 # ""러시아 따라하는 북한"" 아산정책연구원의 차두현 수석연구위원은 지난 26일 이런 분석을 내놨습니다. ""김정은은 북한의 ‘근본이익’이 침탈되면 핵억제의 목적을 넘어서도 핵을 사용할 수 있다고 주장하였다. 이는 핵공격을 받을 경우 이에 자위적 수단으로 핵무기를 사용할 수 있다고 한 전통적인 입장을 벗어나는 것이다."" 차 수석위원의 말처럼 핵은 자국이 공격받았을 경우 이에 대항하기 위한 수단으로만 제한적으로 사용한다는 게 전통적인 인식입니다. 그러나 북한은 최근 한 발 더 나아가고 있습니다. ""(북한의 모습은) 현재 우크라이나에서 러시아가 미국이나 나토(NATO) 회원국들에 대해 취하고 있는 입장과 매우 유사하다. 즉, 북한은 상황에 따라 핵을 선제적으로 사용할 수도 있으며, 앞으로도 필요하다면 더 자유롭게 핵위협을 가할 것이라는 메시지를 던지고 있는 것이다. 러시아가 이미 좋지 않은 선례를 만든 점을 충분히 활용하고 있다."" 차 수석위원에게 전화를 걸어 조금 더 자세한 설명을 들어봤습니다. ""미국하고 나토가 우크라이나를 지원하니까 러시아 쪽에서 핵 전력들에 대한 대비 태세를 명령을 내리고 난 다음에 '지금 이런 상황이 계속되면 한 번도 보지 못한 상황이 생길 수도 있다'라고 얘기했었잖아요. 이게 사실은 핵 위협이거든요. 그러니까 굉장히 확장적으로 얘기하는 거예요. 핵을 사용하는 불문율은 실제로 공격당했을 땐데, 그냥 내 이익이 침해를 받으면 공격을 할 수 있다는 여지를 남기는 거기 때문에 굉장히 확장적인 개념으로 이제 핵사용을 정의를 하는 거죠."" 실제 러시아는 우크라니아 그리고 미국과 나토로부터 먼저 공격을 당한 적이 없음에도 핵 사용 가능성을 수차례 언급했고 지금도 하고 있습니다. 차 수석위원은 이런 러시아의 모습을 북한이 보고 따라하고 있는 것이라고 지적했습니다. ""이렇게 러시아가 한번 길을 열어줬기 때문에 북한이 그대로 따라 하고 있는 거예요. 자기 이익에 침해당하면 핵 위협을 가할 수 있다는 선례를 러시아가 보여줬고 북한이 지금 그걸 이용하는 거죠."" 또 핵 위협한 김정은, 푸틴 보고 배웠나? # 미국에 보내는 메시지? 미국 외교 전문가도 차 수석위원과 비슷한 분석을 내놨습니다. 워싱턴포스트의 외교·안보 칼럼니스트인 조시 로긴은 '김정은은 푸틴의 우크라이나 전략을 채택하고 있다'는 제목의 칼럼을 지난 28일에 발표했습니다. 로긴은 칼럼에서 ""푸틴이 우크라이나를 침공한 후 김정은의 언행이 더욱 공격적으로 되는 것은 우연이 아니다""면서 ""푸틴이 위험, 억제, 긴장고조, 핵 벼랑 끝 전술에 대한 지정학적 교과서를 다시 쓰면서 그의 제자인 김정은도 이를 학습하고 있다""고 지적했습니다. ""미국이 유럽의 위기에 초점을 맞추는 동안 김정은이 동아시아에서 판돈을 키우고 있다""는 말도 덧붙였습니다. 미국 바이든 정부가 북한과의 대화에 적극적으로 나서지 않고 있는 상황에서 김 위원장이 푸틴 대통령을 빼닮은 공격적인 표현으로 위협의 수위를 높이고 있다는 분석입니다. 또 핵 위협한 김정은, 푸틴 보고 배웠나? # 새 정부 길들이기? 물론 김 위원장의 위협이 미국만을 향하는 건 아닙니다. 북한과 맞닿아 있는 우리에겐 보다 직접적인 위협이 되고 있습니다. 지난 4일 김 위원장의 동생인 김여정 조선노동당 중앙위원회 부부장은 담화를 통해 이렇게 말했습니다. ""남조선이 우리와 군사적 대결을 선택하는 상황이 온다면 부득이 우리의 핵전투 무력은 자기의 임무를 수행해야 하게 될 것이다."" 북한은 그동안 자신들의 핵 개발이 제국주의 국가인 미국에 맞선 것이라고 주장해왔습니다. 그러던 북한이 '남조선의 선택'이라는 단서가 붙긴 했지만, 핵 무력을 남한을 상대로도 쓸 수 있다고 언급한 것입니다. 그리고 이번엔 한 발 더 나아가 '근본 이익 침탈'이란 모호한 말을 더해 핵 사용 기준의 문턱을 스스로 더 낮췄습니다. 새 정부 출범을 코앞에 둔 상황에서 마치 길들이기라도 하려는 듯 연신 주체적인 핵 사용 능력을 과시하고 있는 겁니다. 또 핵 위협한 김정은, 푸틴 보고 배웠나? 풍계리 핵실험장 폭파장면 # 문제는 추가 핵 실험 이에 대해 우리 정부는 신중한 반응을 보이고 있습니다. 통일부 당국자는 김 위원장이 언급한 '근본 이익'이란 게 무엇을 의미하는 것 같냐는 질문에 이렇게 답했습니다. ""북한이 다양한 계기에 '우리 인민의 근본 이익'과 같은 표현을 사용해왔으나 구체적 의미를 밝힌 바는 아직 없습니다. 현재로선 국가 및 체제 존립을 핵심 내용으로 하는 개념으로 사용하는 것으로 보여집니다."" 그러면서 ""북한의 동향과 보도 내용 지켜보면서 추가적이고 심도 있는 평가가 필요한 상황""이라고 덧붙였습니다. 김 위원장이 내세운 근본 이익이라는 게 뭔지 명확하지 않은 만큼 섣불리 예단하진 않되, 향후의 움직임을 예의주시하겠다는 것입니다. 북한의 말 한마디에 일일이 대응하며 휘말리기보단 차분한 대응을 택한 겁니다. 문제는 북한의 다음 움직임입니다. 북한은 최근 함경북도 풍계리 핵실험장 복구 공사에 속도를 내는 등 7차 핵실험 움직임을 가시화하고 있습니다. 북한이 실제 핵 실험을 감행한다면 한반도의 긴장감은 급속도로 높아질 수밖에 없습니다. 다음 달 10일 윤석열 정부의 출범에 이어 20일 조 바이든 미국 대통령이 방한이 예정된 상황 속에 우리 정보 당국은 북한이 이 시기에 맞춰 추가 도발을 감행할 가능성이 높은 것으로 내다보고 있습니다.",2,4,"20년전에는 대한민국에 전술핵이잇엇죠..지금은 요? 그걸 핵대중이 북한은 핵을 만들능력도 의지도없다..내가다책임진다며 11조원을 송금해 북핵완성을 만들엇죠..그리고 비핵화니머니지랄해서 전술핵 방출시켯죠..자아!이젠 누가 나쁜놈인지 공정과상식잇는 국민이면 판단하시라 믿어요..좌파는 숨쉬는것도 믿으면 안됍니다..,2022-04-30/우리가 핵을 가졌다면 저런 소리 못하지
우리도 핵을 갖기 위해선 어떤 지혜가 필요할까,2022-04-30/이에는이 ....우리도 빨리빨리 핵을 만들어 준비해야
하지 아니할까요 ? 쓰잘데 없는데 돈 쓸어 넣지말고.요. !!!!!,2022-04-30",2022-04-30,,
MBC,정치,서울시장 선거 '송영길·오세훈' 확정,"더불어민주당의 6.1 지방선거 서울시장 후보로 송영길 전 대표가 선출됐습니다. 민주당 중앙당 선거관리위원회는 송 전 대표와 김진애 전 의원을 상대로 한 국민여론조사 결과, 송영길 전 대표가 서울시장 후보로 결정됐다고 밝혔습니다. 이로써 송영길 전 대표는 이번 선거에서 국민의힘 오세훈 현 서울시장과 맞붙게 됐습니다.",18,5,NULL,2022-04-30,,
MBC,정치,"김정은 ""적대세력 핵위협 필요시 선제적으로 철저히 제압""","김정은 북한 국무위원장이 ""적대세력들의 핵위협을 필요한 경우 선제적으로 제압하기 위해 무력을 부단히 향상시켜 나가겠다""는 말을 했다고 조선중앙통신이 오늘 보도했습니다. 이는 지난 25일 열린 연설에서 핵무기를 전쟁 방지 뿐 아니라 근본 이익 침탈 시도에도 사용하겠다고 밝히는 등 선제 핵공격 가능성을 시사한 것의 연장선으로 보입니다. 통신은 김 위원장이 조선인민혁명군 창건 90주년 기념 열병식을 지휘했던 군 수뇌부들을 당 중앙위원회 본부청사로 불러 격려하는 자리에서 이같이 말했다고 전했습니다. 보도에 따르면, 김 위원장은 ""적대세력들에 의해 지속되고 가증되는 핵위협을 포괄하는 모든 위험한 시도들과 위협적 행동들을 필요하다면 선제적으로 철저히 제압·분쇄하기 위하여 혁명무력의 절대적 우세를 확고히 유지하고 부단히 상향시켜 나가겠다""고 말했습니다. 김 위원장은 이어 ""가공할 공격력, 압도적인 군사력은 우리 국가와 인민의 안녕과 후손만대의 장래를 담보하는 생명선""이라고 강조한 것으로 전해졌습니다. 북한의 보도 관행상 모임은 전날 있었던 것으로 보이며, 모임에는 박정천 당 중앙군사위원회 부위원장 겸 당 비서와 리영길 국방상 및 군단장들이 참석했습니다.",0,0,NULL,2022-04-30,,
MBC,정치,민주당 서울시장 후보에 송영길 전 대표 선출,"더불어민주당의 6.1 지방선거 서울시장 후보로 송영길 전 대표가 선출됐습니다. 민주당 중앙당 선거관리위원회는 송 전 대표와 김진애 전 의원을 상대로 한 국민여론조사 결과, 송영길 전 대표가 서울시장 후보로 결정됐다고 밝혔습니다. 이로써 송영길 전 대표는 이번 선거에서 국민의힘 오세훈 현 서울시장과 맞붙게 됐습니다.",17,1,"이겨라 송,2022-04-30/문재인, 가짜 친모 사건으로 법원에서 DNA 감정받는다
(가짜 친모 은폐한 판사 20명 명단 공개),2022-04-30",2022-04-30,,
MBC,정치,"문재인 ""집무실 이전, 무척 모순적""‥인수위 ""예의 지켜라""","앵커 국민이 물으면 정부가 답한다. 청와대 국민청원 마지막 답변에 문재인 대통령이 직접 나섰습니다. 마침 청원에 올라온 대통령 집무실 이전 문제, 문 대통령은 ""윤당선인 측 논리가 무척 모순적""이라고 거듭 비판했고, 당선인 측은 ""남은 10일, 국민에게 예의를 지키라""고 날선 반응을 내놨습니다. 신수아 기자가 보도합니다. 리포트 문재인 대통령이 청와대 국민청원에 접수된 '집무실 용산 이전 반대' 청원에 직접 답변자로 나섰습니다. 문 대통령은 청원에 공감한다며 윤 당선인의 집무실 이전 계획을 비판했습니다. [문재인 대통령] ""안보가 엄중해지는 시기에 국방부와 합참, 외교부 장관 공관 등을 연쇄 이전시키는 방식으로 추진하는 것이 맞는지, 의문이라는 생각을 가지고 있습니다."" 이어 청와대가 한 때 구중궁궐 소리를 들었어도 개방을 확대해 나가는 게 그간의 역사였다면서, 윤 당선인 측 논리가 ""무척 모순적""이란 표현까지 썼습니다. [문재인 대통령] ""국가의 백년대계를 토론 없이 밀어붙이면서 소통을 위한 것이라고 하니, 무척 모순적이라고 느껴집니다."" 문 대통령은 국방부와 합참 고위 관계자 등과 가진 마지막 오찬에서도 '집무실 이전'으로 안보에 빈틈이 있을까 국민들이 염려하지 않도록 철저한 대비를 당부했습니다. 사흘 전 방송 대담에 이어 이례적으로 청원 답변자로 직접 나서, '집무실 이전'에 대한 반대 입장을 강하게 밝힌 건데, 청와대는 임기 종료를 앞두고 7개 청원에 일괄적으로 답한 것 뿐이라며, 확대 해석을 경계했습니다. 이에 대해 국민의힘은 문 대통령이 뒤늦게 어깃장을 놓으며, 윤 당선인의 소통 의지를 폄훼하고 있다고 비판했습니다. [허은아/국민의힘 수석대변인] ""문 대통령에게 기대한 것은 새 정부를 향한 날선 지적이 아니라, 차기 정부의 효율적인 국정 운영을 위한 조언과 협조임을 진정 모르시는 겁니까."" 청와대 이전 TF도 입장문을 통해 ""본인이 경호를 핑계로 파기한 청와대 개방 약속을 실천하는, 당선인을 돕는 것이 마지막 도리""라며, 남은 임기 10여일동안 국민께 예의를 지키라""는 날선 반박을 내놨습니다.",123,25,"국민에 대한 예의는 윤당선인이 지켜야지!,2022-05-01 /5년동안 문재인 대통령이 계셔서 얼마나 다행인지!
이제 5월부터 이 나라 어쩌면 좋나!
걱정이 태산이네!,2022-04-30/국방부를 쫓아내고 드러앉는다는 사고가
대통령자리를 사유화시키는 것이다ㆍ
군통수권자로서 공인으로서 할 수 있는
판단은 아니다ㆍ,2022-04-30 /틀린 말이 없는데 도대체 왜 발끈하는건데 ㅋㅋㅋㅋ
진짜 윤석열 무리들 인간성 최악이다,2022-04-30/생각해봐야하지 않을까요.....,2022-04-30 ",2022-04-30,,
MBC,경제,현대차가 중고차 시장에 뛰어든 진짜 이유는? - 빅데이터의 시대,현대차가 중고차 시장에 뛰어든 진짜 이유는? - 빅데이터의 시대,4,1,"현기가 신차가격을 마구 올리더니 중고차 가격도 올리려고 나서는구나. 또 현기차 엔진문제로 말썽이 많으니까 중고차로 돌려서 팔아보려구? 앞으로 현기차는 절대 사지 말아야지…,2022-04-30",2022-04-30,,
MBC,경제,내일부터 유류세 인하 폭 30%로‥휘발유 83원·경유 58원↓,내일부터 유류세 인하 폭이 현행 20%에서 30%로 확대되면서 휘발유에 부과되는 유류세가 리터당 656원에서 573원으로 줄어듭니다.,3,3,"올릴때는 삽시간 내릴때는 1,2주 ㅋㅋㅋㅋㅋ올릴때는 오ㅐ 재고처리 안함? ㅎㅎㅎㅎㅎ,2022-05-01/요즘 기름값올랐다는 소리를 너무 많이 들었는데 그나마 조금 다행이다. 어서 주유소에서도 실제적으로 기름값이 인하되길,2022-04-30/오늘 주둥읶지 체웠으미 마 잊어뿌리라.,2022-04-30/내러가지않고 조금내려가네요...올릴때는 많이올리고,2022-04-30",2022-04-30,,
MBC,경제,휘발윳값 5주 만에 소폭 상승- 내일부터 유류세 추가 인하,"5주 만에 국내 주유소 휘발유 가격이 소폭 상승했습니다. 이번 주 전국 주유소 휘발유 평균 판매 가격은 1주일 전보다 0.4원 오른 리터당 1,968원을 기록했습니다. 최근 국제유가가 오르고, 환율도 상승한 영향으로 보입니다. 경유 가격도 1주일 전보다 8원 올라, 리터당 1천907원을 기록했습니다. 휘발유 가격보다 60원 정도 낮은 수준입니다. 휘발윳값 5주 만에 소폭 상승- 내일부터 유류세 추가 인하 * 유류세 인하율 30% 확대, 언제부터 체감되나? 하지만 정부의 유류세 인하 확대 조치가 다음달부터 시행되면서, 기름값은 다시 내려갈 것으로 보입니다. 정부는 내일(5월 1일)부터 유류세 인하율을 기존 20%에서 30%로 확대합니다. 이렇게 되면 휘발유와 경유 가격은 1리터에 각각 83원과 58원 줄어듭니다. 다만 세금 인하분이 즉시 반영되지 않는 대부분의 일반 자영 주유소들은 재고가 모두 소진된 뒤에 가격을 내릴 것으로 예상됩니다. 유류세 추가 인하 효과를 체감하기까지 조금 시차가 생길 것으로 보입니다.",1,3,"이미 20% 내린거는 160원중 80원 내리고 80원 정유사가 꼴깍해서 역대 최대 마진이 되었다지?
10% 더 내리면 미리 살짝 올렸다가 조금 내리는 트릭을 써서 이익 역대 최대에서 더 땡겨다 재벌가 보태줘야하는 것 아닌지. 정부는 이런걸 방치하고 어쩔 수 없다하고. 그러기 전에 세금을 내리고 제대로 해야할 거 아니냐?
아무도 책임지지 않는 공무원 세상은 한반도호가 세월호로 떠도는 것이다.,2022-04-30/기름값 인상은 현지 원유값 오르면 바로 다음날 올리고 ~~
기름값 인하는 재고고 남았다고 하면서 소진이 되면 내린다고 하고 ~~
맨날 반복하는 개소리 ~~~,2022-04-30/이게 다 문개 때문이지..악마같은 문재앙..어여물러가라~,2022-04-30",2022-04-30,,
MBC,경제,"아마존 14%, 인텔 마소 구글 엔비디아 - 나스닥 줄줄이 대폭락","밤 사이 뉴욕증시 주요 지수가 줄줄이 폭락했습니다. 뉴욕증권거래소에서 다우존스 30 산업평균지수는 전장보다 2.77% 하락했고, 스탠더드앤드푸어스 500 지수는 3.63%, 나스닥지수도 4.17% 떨어졌습니다. 나스닥지수는 4월 한 달 동안 13.3% 하락해 2008년 10월 이후 최악의 한 달을 기록했습니다. 지수가 이렇게 떨어진 건 대형 기술주들의 하락 때문입니다. 시가총액 3위 종목인 아마존은 7년 만에 처음으로 분기 손실을 기록하면서 주가가 14% 이상 곤두박칠쳤습니다. 애플은 역대급 실적을 냈는데도, 경영진이 중국의 봉쇄조치에 따른 공급망 제약이 3분기 수익에 영향을 줄 수 있다고 발언하면서 3% 이상 빠졌습니다. 인텔 6.7%, 마이크로소프트 4%, 구글의 모회사인 알파벳 3%, 엔비디아도 6% 이상 떨어졌습니다. 반면 10년짜리 국채금리는 0.09%포인트 올라 2.92%까지 상승했고, 2년짜리 국채금리는 0.12%포인트 이상 올라 2.75%까지 상승했습니다. 투자금이 안전 자산으로 쏠린 결과입니다. 전문가들은 물가 상승과 금리 인상, 우크라이나 전쟁 충격에 중국의 봉쇄 조치가 더해지면서 시장의 조정 장세가 예상보다 더 심화될 수 있다고 보고 있습니다.",0,0,NULL,2022-04-30,,
MBC,경제,0.81 vs 1.34‥한국과 일본의 결정된 미래,"우리나라의 2021년 합계출산율이 0.81명이라는 발표가 있었습니다. 2020년 합계출산율이 0.84명이니 0.03명 감소한 것이죠. 1년간 차이가 크지 않고 OECD 국가 중 꼴찌라는 것도 새삼스런 일이 아니라서 그런지 보도가 많이 되지 않았습니다. 합계출산율은 가임여성 1명이 평생 낳을 것으로 예상하는 평균 출생아 수라고 하는데 2018년 OECD 국가 중 처음으로 1 미만으로 떨어진 뒤에 계속 하락하고 있습니다. 출산율은 떨어지는데 사망자 숫자가 급증하면서 최근 인구 감소 속도가 빨라지고 있습니다. 한국이 유난히 저출산 현상이 심한 건 왜 그런 건지 통계자료를 들여다봤습니다. 0.81 vs 1.34‥한국과 일본의 결정된 미래 사망자 역대 최다 신생아 역대 최소‥인구 감소 가속 통계청은 올해 2월 사망자 수가 2만 9천189명으로 1년 전 2월보다 22.7% 늘었다고 발표했습니다. 1년 만에 같은 기간 사망자 수가 20% 넘게 증가한 건 아주 이례적인 일이죠. 2월 기준으로 통계 작성 이래 최대치라고 합니다. 반면 출생아 수는 2월 기준 역대 최소 수준을 기록했고, 결국 인구가 28개월 연속 감소했습니다. 1월에도 출생아수는 24,598명, 사망자 수는 29,686명으로 사망자 수가 훨씬 많아 인구가 한 달 새 5,088명 줄었습니다. 인구 감소가 속도를 내고 있는 분위기인데요. 세계에서 가장 빠른 저출산‥관련 예산 16년간 2백조? 한국의 저출산 속도는 저출산 국가가 많은 OECD 회원국 중에서도 유례를 찾기 힘들 정도로 빠르죠. 1970년 4.53명이던 합계출산율은 ""둘만 낳아 잘 기르자""는 구호의 기억이 생생했던 1984년에 이미 1.74명으로 떨어졌습니다. 1970년부터 2018년까지 연평균 3.1%씩 감소했습니다. 2006년 이후 16년 동안 정부가 저출산 예산이라며 발표한 사업의 총 규모가 198조 원이 넘는다고 하는데 정작 이 기간 동안에도 출산율 하락이 심화됐습니다. 생산연령 인구 감소 심각‥20년간 서울시 인구 규모 증발 인구 감소가 가속되면서 통계청은 2020년 인구 5,184만 명이 2040년 5,019만 명으로 160여만 명이 감소할 것으로 예상했습니다. 20년간 강원도 인구 (153만 명) 규모가 사라지게 되는 것이죠. 특히 내국인 생산연령인구(15세-64세)의 축소가 심각한데, 2020년 3,583만 명에서 10년간 362만 명이 감소하고 20년 뒤엔 2,676만 명으로 줄어들 것으로 예측했습니다. 10년 만에 전남 인구(183만 명)와 전북 인구(178만 명)를 합한 숫자 규모의 생산연령인구가 줄어들고, 20년 만에 서울시 인구(950만 명) 비슷한 규모의 생산연령 인구가 사라지게 되는 겁니다. 반면 65세 이상 고령인구는 2020년 807만 명에서 2025년에 1,000만 명을 넘고, 2040년에 1,698명에 달할 것으로 예상됐습니다. 노인 인구는 20년간 2.1배 증가해 세 명 중 한 명이 노인인 시대가 열리게 됩니다. 0.81 vs 1.34‥한국과 일본의 결정된 미래 출산율 1.34 일본 인구 감소 비상 AI중매까지 지원‥한국은 느긋? 지난해 일본의 합계산율은 1.34명으로 2019년 대비 0.02명 감소했습니다. 일본 정부는 1.8명까지 끌어 올리는 게 목표라고 합니다. 일본의 2021년 출생아 수는 842,897명. 1년 전보다 3.4% 감소해 6년 연속 사상 최저치를 기록했습니다. 반면 사망자 수는 1,452,289명으로 1년 만에 67,745명 증가했고 이로 인해 인구 감소는 60만 명이 넘습니다. 1년 만에 전주시 인구 정도가 줄어든 겁니다. 중앙일보는 ""일본인 멸종 위기""…日, 200억 쏟아 AI 중매까지 나선다"" (2021년 11월19일)는 기사를 통해 인구 감소 비상에 일본 정부가 내놓은 특별한 정책을 소개했는데요. 일본 정부가 AI 중매 사업에 20억 엔을 투입하기로 했다는 겁니다. AI 중매는 빅데이터를 분석해 맞는 배우자를 찾아주는 건데 AI 궁합을 활용하는 일본 데이팅앱 '페어즈'는 회원수만 1000만 명이 넘었다고 합니다. 중매를 통해 결혼이 늘면 출산율이 높아질 수 있다는 정책입니다. 일본보다 출산율이 크게 떨어지는 한국은 최악의 출산율이 발표됐어도 정부와 언론이 매우 차분한 모습입니다. 엄청난 사교육비 늦은 결혼 늦은 출산 이유를 알아야 대책을 세우겠죠. 통계 데이타를 중심으로 한국이 유난히 저출산이 심각한 원인을 추정해 봤습니다. 결혼을 해야 아이를 낳을 텐데 혼인 자체가 크게 줄고 있습니다. 2021년 혼인건수는 19만 3천 건으로 2020년보다 9.8 %나 감소했습니다. 2011년 혼인이 33만 건이었으니 10년 새 14만 건이 줄어든 겁니다. 반면 2021년 이혼 건수 10만 2천 건이나 됩니다. 첫째 아이를 일찍 낳으면 둘째를 낳을 가능성도 높아질 수 있죠. 하지만 첫째를 낳는 산모의 연령이 높아지고 있습니다. 2020년 첫째아 평균 출산 연령이 32.3세로 1993년(26.2세)에 비하면 6살이 많습니다. OECD 평균 합계출산율은 1.61명이고 OECD 첫째아 출산 평균 연령이 29.3세입니다. 합계출산율 1.71명인 미국은 첫째아 출산 평균 연령이 27세라고 합니다. 20대에 첫째 출산을 하면 출산율이 1.5 이상이 될 가능성이 높은 셈입니다. 20대에 첫째를 낳으려면 결혼도 20대에 해야 할 텐데 2021년 한국 남자 초혼 연령은 33.4세, 여자는 31.1세입니다. 취업난과 주거비 부담 등의 영향으로 결혼 연령이 높아지고 있습니다. 엄청난 사교육비 부담은 아이를 낳기 두렵게 합니다. 코로나 와중에 2021년 초중고교 사교육 참여율은 75.5% 기록해 전년 대비 8.4%P나 올랐습니다. 1인당 월평균 사교육비가 36만 7천 원으로 전년대비 21.5% 폭등한 것으로 조사됐습니다. 2019년 통계청 여론조사에서 '가장 먼저 확대되어야 할 출산 장려 정책'을 묻는 질문에 답변자의 21% 가 '자녀의 교육비 완화'를 지목해 압도적 1위에 올랐습니다. 좌절하는 청춘‥20대 사망자 54% 가 자살 한국이 세계 최고 자살률을 보이는 건 어제오늘 일이 아니죠. 2020년 현재 인구 10만 명당 자살률이 25.7명으로 집계되고 있는데 OECD 평균보다 두 배가량 높습니다. 특히 10대, 20대, 30대의 사망원인 1위가 자살인데 20대 사망자 중 절반 이상이 자살입니다. 자살은 삶의 만족도에 밀접한 관련이 있는 만큼 20대의 높은 자살률은 청년의 절망을 보여줍니다. 치열한 경쟁, 취업난, 불안한 미래는 삶의 만족도를 떨어뜨리고 청춘을 좌절하게 만듭니다. 우리나라 대졸취업률은 75%로 일본(87.8%)에 크게 못 미칩니다. 그나마 20대 취업자 378만 명 중 비정규직이 141만 명이라고 합니다. (2021년 기준) 취업-연애-결혼-출산으로 이어지는 가족구성 단계의 1단계에서부터 출발이 어려우니 다음 단계는 생각하기 힘들어집니다. 0.81 vs 1.34‥한국과 일본의 결정된 미래 ""출산율 더욱 하락"" 81%‥청년에게 희망을 우리 국민 중 앞으로 출산율이 올라갈 것으로 예상하는 사람은 1.5%, 반면 출산율이 내려갈 것이란 예상은 80%가 넘는 것으로 조사됐습니다. 앞으로 출산율이 더욱 암담하단 얘기인데요. 한국경제연구원은 합계출산율이 0.25명 감소할 때마다 성장률이 0.9%P 하락한다는 분석을 내놓았습니다. 인구감소가 본격화되면 소비가 위축되면서 자영업자 중소기업의 타격이 시작되고 대기업이 소비시장과 노동력을 구하기 위해 해외로 옮기면서 경기침체가 장기화될 가능성이 높습니다. '국민연금 고갈 논란' 같은 복지 문제도 본격화될 겁니다. 20년 뒤 성인이 될 한국인의 수는 이미 정해졌습니다. 청년의 삶에 희망을 되찾기 전까진 출산율이 오르긴 어려워 보입니다. 청년이 희망을 찾을 방법이 무엇인지 그들에게 물어보는 데서 저출산 대책을 다시 시작해야 하지 않을까요?",15,7,"당연히 망하죠.
여성사화진출은 원래는 남성의 인건비를 낮추고 출산율을 조절하려는 의도로 사용된 정책이고.
외노자 우대는 여성이 못 가는 남성 일자리의 인건비를 낮추려고 만든 정책이죠.
그리고 최저임금 인상은 원래 양질의 일자리를 남기고 저질 일자리를 없앨 때 쓰는 정책이고요.
근데 이걸 세트로 썼다는 소리는 남성일자리를 박살내고  출산율을 소멸시키겠다는 의도라는거죠.
여자가 집으로 가야 출산율이 오르는데 현정부는 인건비를 같이 올려서 일자리는 소멸시키면서 남녀 모두 잉여로 만들고 여자는 집으로도 못 가게한거죠.,2022-04-30/찢 이 됏으면 애들은 태어나는 순간 빚이 3~4억 지고 태어남..ㅋㅋㅋ누가 애낳겟어?ㅋㅋㅋ,2022-04-30/더러운 사쿠라들 들먹이지 말거라,2022-04-30/출산율 감소 원인은
1. 서울 중심 개발 ㅡ> 경제 성장 한계
2.과도한 경쟁 사회 ㅡ> 빈부 격차 심화, 취업난
3.문제인 부동산 정책 실패 ㅡ> 청년 집값 마련 불가
4.대통령 페미 선언 ㅡ> 남녀 갈등 심화
5.실효성 떨어지는 가정 정책 ㅡ> 국가 재원 낭비
옛날부터 이런 원인들이 축적되다 문제인이 도장을 찍어 급격하게 터짐.,2022-04-30/BCI로 머리를 조지면서 출산율 정책이 무슨 소용이냐? 박가정희 이후 50년동안 우리만 따라다니면서 조지던게 너희들인데 80년대 90년대 우리나라 연예계에 있던 미인들이 다 어디갔겠냐? 이젠 걸그룹 만들기도 힘들지? 니나 나만 그냥 두고 우리는 결혼을 막고 있는게 너희들인데 이게 다 일본의 탈아입구 정책에 동조하여 우리나라 양반 가문간의 혼인을 막고 있는걸 우리가 모를 줄 알았니?,2022-04-30/신혼부부 행복주택을 너무 멀리 떨어지지 않은곳에 너무 작지 않은 규모로 적극적으로 대량공급하여 주거문제부터 해결해주면 좀 괜찮을듯 .!! 일단 집이 있으면 결혼해서 알아서 잘 살듯 !!,2022-04-30/빚을 내더라도 집은 사야만 한다고 믿는가?,2022-04-30
당신은 노예.
비싼 공부 시키고 집까지 물려주고 싶은가?
당신은 고려장 확정.
기업이 잘 되어야 국민도 잘 산다고 믿는가?
당신은 개돼지.
국짐당이 서민 공약을 잘 지킬 거라 믿고 찍었는가?,2022-04-30",2022-04-29,,
MBC,경제,1기 신도시 재건축‥오락가락 인수위에 '혼란',"다만 유류세 인하 폭이 확대되더라도 주유소 재고 물량 소진에 시간이 걸려, 소비자 판매가격이 내리는 데는 1∼2주 가량 시차가 발생할 수 있습니앵커 수도권 5개 1기 신도시. 분당, 일산, 평촌, 산본, 중동이죠. 윤석열 당선자의 공약 중 하나가 바로 이 1기 신도시를 재정비해서 명품도시 만들겠다는 거였는데요. 기대감에 지역 집값이 들썩이니까 인수위에서 '중장기과제'라고 했다가 그럼 속인거냐 하니까 다시 부랴부랴 아니다, 조속히 추진하겠다고 진화했습니다. 오락가락하는 인수위 입장에 해당 지역에선 혼란스럽다는 반응입니다. 박진준 기자가 취재했습니다. 리포트 1기 신도시를 명품도시로 재탄생시키겠다. 윤석열 대통령 당선인의 핵심 공약 중 하나였습니다. [윤석열 대통령 당선인(1월 6일)] ""1기 신도시 재정비 사업 촉진을 위한 특별법을 만들어 용적률을 상향 조정하여 충분한 공급이 이루어지도록 하겠습니다."" 재건축 기대감은 해당 지역 아파트값을 단숨에 들어 올렸습니다. 분당의 한 부동산 중개업소를 찾아갔습니다. 105제곱미터 아파트가 불과 한 달 사이 1억 원 가까이 올랐다고 설명합니다. [경기 분당구 00공인중개사] ""32평 기준으로 해서 5천만 원에서 1억 원이 올라 있죠."" 매물이 씨가 말랐다는 이야기도 합니다. [경기 분당구 00공인중개사] ""(매매를) 보류시킨 매물도 있고요. 재건축 특별법 인가해서 빨리해 준다고 보면 또 오르지 않을까 싶어가지고‥"" 대선 후 한 달 반 동안 1기 신도시 아파트 매매 가격 평균 변동률은 0.26%. 올 초부터 대선 전까지 0.07%였던 것에 비해 상승폭이 3배 이상 높아졌습니다. 새 정부 출범 전부터 시장이 요동치자 인수위는 공약에서 물러나는 듯한 모습을 보였습니다. 원일희 인수위 수석대변인이 ""1기 신도시 재건축 문제는 중장기 국정과제로 검토 중인 사안”이라 말한 겁니다. 이에 '속았다'며 비판 여론이 들끓자, 당황한 인수위는 서둘러 진화에 나섰습니다. [심교언 / 인수위 부동산TF 팀장(26일)] ""조속한 정비사업 추진을 위해 노력하고 있습니다."" [안철수 인수위원장(27일)] ""제1기 신도시를 차질 없이 추진한다는 것이 저희 인수위의 공식적인 입장입니다."" 하지만 이같은 해명에도 주민들은 술렁이는 분위기입니다. [고영희/ 경기 일산 재건축연합회 회장] ""분위기가 당연히 분노스럽죠. 이렇게 자꾸 공약을 뒤집는 걸 하고서는 그냥 표만 가져가고 이렇게 당하는 거를 더 이상 두고 볼 수는 없다‥"" [경기 분당구 주민] ""요즘 정치인들이 하도 자기네 선거에 따라 왔다갔다하니까, 믿는 사람 없을걸요."" 이런 가운데 추경호 경제부총리 겸 기획재정부 장관 후보자가 1기 신도시 재정비 특별법 방안을 두고 ""기존주택의 용적률이 높아 사업성 확보가 어렵고 일시에 사업을 추진하면 이주문제도 발생할 수 있다""며 신중론을 내놓아 1기 신도시 재건축을 둘러싼 혼선은 쉽게 가라앉기 어려울 것으로 보입니다. MBC뉴스 박진준입니다.다.",0,107,"아직 분간 못하는갑내?,2022-04-30/수구토건 정당은 재건춘을 활성화하여 유주택자 집값을 상승시켜라~
그게 지지자들의 소원이다.
기득권나라를 공고히 세워라~,2022-04-30/깜도 안되는 것이,2022-04-30/ㅋㅋㅋ 바랄걸 바래야지 무슨 제가힌트 드려요??
최은순 이라고 대한민국에서 땅을 제일 잘보는 할망구가 잇는데 그분이 사놓은 땅근처에 사세요
언제 신도시로 변할줄 몰라요 ~~ 매진임박 입니다 어서어서 최은순 땅 검색해서 그쪽에 땅사세요~
부자될겁니다 본부장 사놓은 땅 근처에 사면 대박납니다 ~~ 선착순입니다~~매진임박~~절찬 판매,2022-04-30 ",2022-04-29,,
MBC,경제,코스피 1%대 상승‥한국석유 15% 넘게 올라,"미국 1분기 GDP 성장률이 부진하게 나왔음에도 불구하고 빅테크 기업들의 실적이 호조를 보이면서 뉴욕증시가 상승하자 국내증시도 오늘 투자심리가 개선된 모습을 보이면서 양 지수 모두 1%대 오름세로 거래를 마감했습니다. 국내 기업들도 양호한 실적을 나타내면서 코스피가 2,700선에 바짝 다가서며 거래를 마감했고, 코스닥은 900선을 회복해내며 금요일 장 마쳤습니다. 오늘 코스피는 어제보다 27.56포인트 상승한 2,695.05포인트로, 코스닥은 12.53포인트 오른 904.75포인트로 거래를 마감했습니다. 투자주체별 매매 동향을 보면 코스피 시장에서는 8거래일 만에 외국인과 기관이 함께 물량을 담아냈습니다. 시가총액 상위 종목 살펴보면 혼조세를 보이면서 마감한 가운데 한국석유가 1분기 호실적에 15% 넘게 상승했고, 대성에너지가 러시아의 천연가스 공급 중단 소식에 3거래일 연속 두 자리대 상승률을 이어갔습니다. 또 F&F가 실외 마스크 착용 해제 소식에 의료 소비가 증가할 것이란 기대감이 작용하면서 강세를 기록하며 거래를 마쳤습니다. 반면 한국조선해양은 1분기 적자를 기록했다는 소식에 약세를 보였고, LG전자가 2분기 실적 부진 전망에 3% 넘게 하락했습니다. 업종별로는 코스피 시장에서 음식료 업종이 1% 넘게 가장 크게 조정받은 반면, 섬유의복 업종은 3% 넘는 가장 높은 수익률을 기록했습니다. 오늘 원-달러 환율은 16.6원 하락한 1,255.9원에 마감했습니다. 지금까지 삼성증권이었습니다.",1,0,NULL,2022-04-29,,
MBC,경제,신분증 사본에 쉽게 뚫린다 - 스마트폰 금융 시대 구멍 난 보안,"요즘 은행 창구에 직접 가지 않고도, 스마트폰으로 웬만한 은행 일을 다 볼 수 있게 됐죠. 본인 인증을 받을 때 신분증을 촬영해서 보내는데, 이게 실제 신분증이 아니라 복사본으로도 인증이 가능한 경우가 많다고 합니다. 이런 수법으로 돈을 빼내는 사기 사건들이 늘고 있지만, 은행들은 책임을 피하고 있습니다. 이성일 기자가 취재했습니다. 리포트 지난 2월 80대 김모 씨 계좌에서 1억 원이 넘는 돈이 사라졌습니다. 딸의 전화를 받고, 신분증 사진을 촬영해 보내줬는데, 알고 보니 딸이 아니라 사기범들이었습니다. [금융사기 피해자 가족] ""<신분증을 직접 넘겨주지는 않으셨죠?> 여권은 안된다고 그러더래요. 그래서 다시 이제 주민등록증 찍어서 이제 그거(사진)을 보내주신 거죠."" 사기범들은 왜 신분증 사진을 달라고 했을까? 스마트폰으로 계좌를 만들려면, 신분증 실물을 촬영해 전송해야 합니다. 그런데 신분증 실물이 아니라, 신분증의 사진을 다시 촬영해 보내줘도, 본인 인증을 통과할 수 있습니다. 컬러 프린트로 복사한 신분증을 촬영해 보내줘도, 인증을 쉽게 통과합니다. 한 두 단계가 더 있긴 하지만, 거의 모든 은행에서 신분증 실물 없이, 계좌 개설은 물론 보안매체까지 얻을 수 있습니다. 이런 수법으로 대출도 가능하기 때문에, 피해가 수억 원에 달하기도 합니다. [금융사기(대출) 피해자 가족] ""휴대폰이랑 신분증이 있으면 또 공인인증서가 또 비대면으로 발급, 연쇄적으로 하나 뚫리면 하나가 얻어걸린 거고 두 번째 얻어걸리면 세 번째도 얻어걸리고, 최종 대출까지."" 은행 창구에서는 직원이 직접 신분증 실물인지, 거래 당사자 것이 맞는지 확인합니다. 하지만 현재 비대면 서비스는, 스마트폰이 찍은 신분증이 진짜인지 사본인지 확인할 기술을 갖지 못했습니다. 1993년 도입된 금융실명제의 실명 확인 원칙에 구멍이 생긴 겁니다. [김민상 변호사/법무법인 한마루] ""본인 확인은 무조건 금융사가 해야 되고요. 그건 금융실명법의 대원칙이고요. 약간 양상은 바뀌었지만 원칙은 유지가 돼야죠. 그래야 안전한 거래를 하고."" 은행들은 진짜 신분증을 가려낼 기술을 갖지 못했다는 사실을 인정하면서도, ""규정을 지켰기 때문에 책임이 없다""며 신분증 관리를 제대로 못 한 피해자들에게 책임을 돌리고 있습니다. 정부도 사실을 알면서도 뚜렷한 대책을 내놓지 못하고 있습니다.",10,23,"은행쪽 시스템이 말도 안되게 허술하네요. 아직 제대로 된 기술을 도입하지 못했으면 책임이라도 지고 피해자들을 보호해줘야 하는 것 아닌가요? 은행쪽이나 정부나 뚜렷한 방도가 없다면서 손놓고 있는 동안 죄없는 피해자들만 늘어납니다. 더 많은 기사화 요청합니다!!!,2022-05-01/이런 사건들을 그냥 쉬쉬하고 지나가니까 계속해서 끊임없이 생기는 겁니다...
금융사들이랑 경찰 검찰 더 큰 책임감 가지고 사건 해결 바랍니다.,2022-04-30/말이 되나요??? 복사본도 통과시킬정도 기술이면 보강해서 다시 내놓아야 하는거 아닌가요? 이러니깐 보이스피싱, 사기들이 판치지 참;;,2022-04-30",2022-04-29,,
MBC,경제,3월 가계대출 금리 3.98% ‥약 8년 만에 최고,지난달 은행권의 가계대출 평균 금리가 4%에 바싹 다가서며 7년 10개월 만에 최고 수준에 이르렀습니다. 한국은행은 3월 예금은행의 가계대출 금리가 연 3.98%로 한 달 새 0.05%포인트 높아졌다고 밝혔습니다. 2014년 5월 4.02% 이후 7년 10개월 만에 가장 높은 수준입니다. 주택담보대출 금리는 은행들의 우대금리 인상 등으로 0.04%포인트 떨어진 3.84%지만 일반 신용대출 금리가 5.46%로 0.13%포인트 올랐습니다.,3,2,"어쩔수 없지.. 미국이 금리 올리면 우리도 올려야 하는 상황이니.. 영끌만 요당강 옆에 있는 펜션가서 깡소주 한잔 해야지,2022-04-29/금리는 전세계가 다 오르고 있는 걸 어쩌라는 거냐.
한국만 금리 안올리고 있으면 해외 자본이 다 빠져 나갈텐데 그럼 그 빈 공간으로 생기는 주가폭락 부동산 폭락은 어쩌려고?

주가 폭락 부동산 폭락 오면 밥사먹으로 나가겠니? 놀러나가겠니? 작은 돈으로 큰 돈 막고 있는건데 조금도 손해 안보려고 버러지같은거 뽑아놓고 이제 그 버러지한테조자 버림받는 인생살면서 주둥이들은....,2022-04-29/코시국에 장사못하게 만들어 대출하게 만들더니 코시국 끝나자 마자 금리인상이냐?
이건 너무한거 아니냐구?? 소상공인들은 다 죽으라고하지 장사꾼들은 뭔 죄냐구??,2022-04-29/금리 인상이 왜 그렇게 오른건지를 같이 작성해줘야 하는거 아닌가요?
몇년만에 오른걸 중점으로 이야기 할게 아니지 않나?
오를수 밖에 없는 이야기를 써야지...,2022-04-29 ",2022-04-29,,
MBC,경제,"뉴욕증시, 변동성 지속에 혼조…나스닥 보합 마감","뉴욕증시는 기술주의 반등에 개장 초부터 오름세를 보였으나 기업들의 실적 발표에 종목별로 등락이 엇갈리며 혼조세로 마감했습니다. 27일 뉴욕증권거래소에서 다우존스30산업평균지수는 전장보다 0.19% 상승한 33,301.93으로 장을 마쳤습니다. 스탠더드앤드푸어스 500지수는 전장보다 0.21% 오른 4,183.96으로, 기술주 중심의 나스닥 지수는 전장보다 0.01% 하락한 12,488.93으로 거래를 마감했습니다. 전날 나스닥지수는 4% 가까이 하락해 2020년 9월 이후 최대 하락률을 보였습니다. 뉴욕증시 전문가들은 여전히 시장에 악재가 해소되지 않은 만큼 당분간 시장은 불안한 모습을 보일 것으로 예상했습니다.",0,0,NULL,2022-04-28,,
MBC,경제,코인 거래소'로 재벌‥1년 만에 자산 '8배',"가상화폐 거래소 업비트를 운영하는 '두나무'가 처음으로 대기업 명단에 이름을 올렸습니다. 코인 열풍을 타고 1년 만에 자산이 8배나 늘어났습니다. 배주환 기자입니다. 리포트 국내 최대 가상화폐 거래소 업비트. 2017년 10월에 처음 문을 연 뒤, 코인 열풍을 타고 급성장했습니다. 지난해 매출은 3조 7천억 원인데, 영업이익이 3조 2천억 원. 영업이익률이 무려 88%나 됩니다. 작년에 장사 잘했다는 현대차의 15배입니다. 현금을 쓸어담은 겁니다. 업비트를 운영하는 기업 두나무는 막강한 자금력으로 사업을 확장하고 있습니다. 엔터테인먼트, 중고 명품시계 거래, 부동산 투자까지 자회사가 14개나 됩니다. 총 자산규모는 10조 8천억 원. 불과 1년 만에 8배나 늘어났습니다. 공정거래위원회가 자산 5조 원이 넘는 76개 대기업을 발표했는데, 두나무가 처음으로 이름을 올렸습니다. 두나무는 자산 10조 원도 넘어서, 상호출자 금지 대상 대기업에도 단숨에 이름을 올렸습니다. 두나무가 단숨에 자산 10조 원을 돌파한 건, 고객들이 현금으로 넣어놓은 예치금 5조 8천억 원이 포함됐기 때문입니다. 금융회사는 고객 예치금을 자산에서 제외하지만, 가상화폐 거래소는 아직 금융사로 분류돼있지 않고 있습니다. 대기업 집단 순위는 빠르게 바뀌고 있습니다. 우선 SK가 반도체, 바이오, 배터리에 힘입어 처음으로 현대차를 제치고 자산 순위 2위에 올랐습니다. 카카오가 15위, 네이버 22위, 넷마블 35위, 넥슨 39위로 IT와 게임 업체들은 순위가 급상승했고, '배틀그라운드' 게임을 만든 크래프톤도 처음으로 대기업 집단에 진입했습니다. MBC뉴스 배주환입니다.",0,0,NULL,2022-04-28,,
MBC,경제,기업인들 만난 ‘벤처 11세대’ 안철수…새 정부 ‘ESG 금융 공급 확대’ 선물할까,"""손실보상 소급 적용 제외‥피해 지원금 형태""",0,1,NULL,2022-04-29,,
MBC,경제,3월 가계대출 금리 3.98%‥7년10개월만에 최고,"지난달 은행권의 가계대출 평균 금리가 4%에 바싹 다가서며 7년 10개월 만에 최고 수준에 이르렀습니다.

한국은행은 3월 예금은행의 가계대출 금리가 연 3.98%로 한 달 새 0.05%포인트 높아졌다고 밝혔습니다.

2014년 5월 4.02% 이후 7년 10개월 만에 가장 높은 수준입니다.

주택담보대출 금리는 은행들의 우대금리 인상 등으로 0.04%포인트 떨어진 3.84%지만 일반 신용대출 금리가 5.46%로 0.13%포인트 올랐습니지난달 은행권의 가계대출 평균 금리가 4%에 바싹 다가서며 7년 10개월 만에 최고 수준에 이르렀습니다. 한국은행은 3월 예금은행의 가계대출 금리가 연 3.98%로 한 달 새 0.05%포인트 높아졌다고 밝혔습니다. 2014년 5월 4.02% 이후 7년 10개월 만에 가장 높은 수준입니다. 주택담보대출 금리는 은행들의 우대금리 인상 등으로 0.04%포인트 떨어진 3.84%지만 일반 신용대출 금리가 5.46%로 0.13%포인트 올랐습니다.다.",2,1,NULL,2022-04-26,,
MBC,경제,[신선한 경제] 비쌀수록 잘 팔린다? 빙수 '8만 3천 원',"화제의 경제 뉴스를 빠르게 전달해 드리는 '신선한 경제' 시간입니다. 지난 여름 날개돋친 듯 팔렸던 한 유명 호텔의 '애플망고 빙수' 기억하시나요? 올해도 판매될 예정인데요. 가격이 또 올랐습니다. 내일부터 판매되는 이 호텔의 '애플망고 빙수'는 하나에 8만3천 원입니다. 지난해보다 30%, 1만 9천 원 가격이 올랐는데요. 호텔 측은 원가가 높아 가격 조정이 불가피했다고 설명했습니다. 하지만 업계는 가격이 비싸도 빙수의 인기는 여전할 것으로 보고 있는데요. 보복 소비 열풍에다, 작은 사치를 부리는 소비 방식까지 맞물려 고급 디저트를 찾는 수요가 줄지 않고 있기 때문입니다. 지난해 호텔 빙수로는 샤인머스캣 빙수가 9만8천 원으로 가장 비쌌는데요. 한정 수량이 매일 품절될 정도로 인기가 높았습니다.",0,1,NULL,2022-04-28,,
MBC,경제,[신선한 경제] 해외에서 코로나 걸리면 치료비는?,"해외에서 코로나19에 걸리면 병원비와 약값 비용이 만만치 않죠. 이런 상황에 대비해 여행자 보험에 가입해두면 몇가지 이점이 있습니다. '코로나 특약'이 있는 여행자 보험이 있으면 확진됐을 때 입원비와 치료비 등을 보장받을 수 있는데요. 다만, 일반적으로는 의료기관에서 확진 판정을 받은 뒤에 병원에서 치료를 받거나 약을 사야 보험금이 지급되고요. 자가 격리로 인한 숙박비와 식비는 보험으로 보장받기 어렵다는 점, 알아두시기 바랍니다.",0,0,NULL,2022-04-28,,
MBC,경제,"인수위, 소상공인 손실보상안 발표","대통령직 인수위원회가 코로나 방역 조치로 피해를 본 소상공인들의 손실보상안을 오늘 발표합니다. 코로나비상대응특별위원회 위원장을 함께 맡고 있는 안철수 인수위원장은 ""물가와 금리 등 거시경제에 미치는 영향까지 종합적으로 고려해 보상안을 마련했다""고 밝혔습니다. 또 ""방대한 과세 데이터를 활용해 방역 조치로 발생한 소상공인 영업손실의 전체적 규모와 피해 수준을 처음으로 확인했다""고 설명했습니다.",1,0,"소상공인 손실이 54조고 그 동안 준게 30조라는 터무니 없는 데이터 좀 구경하자,2022-04-29/이제 뭔가 좀 제대로 보상이 되는가 싶습니다.
지금까지 주먹구구 식의 보상이 아니라 규모에 따라서
보상이 현실적으로 적용되어야 합니다,2022-04-28",2022-04-29,,
MBC,경제,업비트로 현금 쓸어담은 두나무 - 단숨에 재벌 반열,"우리나라 재벌 순위가 요동치고 있습니다. 국내 최대 가상화폐 거래소인 업비트를 운영하는 '두나무'가 처음으로 대기업 집단에 이름을 올렸습니다. 코인 열풍을 타고 현금을 쓸어담으면서, 단 1년 만에 자산이 8배나 늘어났습니다. 배주환 기자가 취재했습니다. 리포트 국내 최대 가상화폐 거래소 업비트. 2017년 10월에 처음 문을 연 뒤, 코인 열풍을 타고 급성장했습니다. 지난해 매출은 3조 7천억 원인데, 영업이익이 3조 2천억 원. 영업이익률이 무려 88%나 됩니다. 작년에 장사 잘했다는 현대차의 15배입니다. 현금을 쓸어담은 겁니다. 업비트를 운영하는 기업 두나무는 막강한 자금력으로 사업을 확장하고 있습니다. 엔터테인먼트, 중고 명품시계 거래, 부동산 투자까지 자회사가 14개나 됩니다. 총 자산규모는 10조 8천억 원. 불과 1년 만에 8배나 늘어났습니다. ============================== 공정거래위원회가 자산 5조 원이 넘는 76개 대기업을 발표했는데, 두나무가 처음으로 이름을 올렸습니다. 두나무는 자산 10조 원도 넘어서, 상호출자 금지 대상 대기업에도 단숨에 이름을 올렸습니다. [두나무 담당자] ""두나무는 관련된 책임과 의무를 다하는 동시에 글로벌 플랫폼으로 성장하기 위한 노력을 계속하겠습니다."" 두나무가 단숨에 자산 10조 원을 돌파한 건, 고객들이 현금으로 넣어놓은 예치금 5조 8천억 원이 포함됐기 때문입니다. 금융회사는 고객 예치금을 자산에서 제외하지만, 가상화폐 거래소는 아직 금융사로 분류돼있지 않고 있습니다. [김재신 / 공정거래위원회 부위원장] ""고객 예치금이 두나무의 통제 하에 있고 거기로부터 나오는 경제적인 효익을 두나무가 얻고 있기 때문에 그것은 자산으로 편입해야 된다는 것이…"" ============================== 대기업 집단 순위는 빠르게 바뀌고 있습니다. 우선 SK가 반도체, 바이오, 배터리에 힘입어 처음으로 현대차를 제치고 자산 순위 2위에 올랐습니다. 카카오가 15위, 네이버 22위, 넷마블 35위, 넥슨 39위로 IT와 게임 업체들은 순위가 급상승했고, '배틀그라운드' 게임을 만든 크래프톤도 처음으로 대기업 집단에 진입했습니다. MBC뉴스 배주환입니다.",3,17,"저 돈이 다 누구 돈인가?,2022-04-28/일확천금을 꿈꾸며 너도나도 가상화폐에 뛰어들었으나
꿈을 이룬건 극소수고
소수는 본전이고
대다수는 자기돈을 거래소와 위에 꿈을 극소수들에게 갖다 바친 사실은 알고나 있나??,2022-04-28 ",2022-04-28,,
MBC,경제,외국인들은 왜 한국 주식을 6조원이나 팔았나? - 긴축의 공포,"외국인들이 우리나라 주식을 무섭게 팔아 치우고 있습니다. 이달 들어서만 벌써 6조원 가까이 팔았는데요. 환율은 하루 만에 1% 넘게 급등해서 1달러에 1,265원을 돌파했습니다. 미국이 아직 본격적으로 긴축을 시작하지도 않았는데 벌써부터 긴축의 공포가 밀려오는 분위기입니다. 고은상 기자가 취재했습니다. 리포트 밤사이 미국 나스닥지수가 4% 가까이 급락했습니다. 마이크로소프트 3.7%, 구글의 모회사인 알파벳이 3.6%, 애플 3.7% 떨어졌습니다. 테슬라는 트위터 인수 자금 조달에 대한 우려 때문에, 12%나 폭락했습니다. 우리나라도 곧바로 타격을 받았습니다. 코스피가 1.1%, 코스닥은 1.6% 떨어졌습니다. 특히 외국인들이 주식을 무섭게 내다 팔고 있습니다. 올해 1월에 1조 원, 2월에 2조 원, 3월에 4조 원 어치를 팔았는데, 4월 들어 오늘까지 벌써 5조8천억 원어치를 팔았습니다. 상대적으로 안전한 미국 국채로 갈아타려는 겁니다. [김형렬/교보증권 리서치센터장] ""최근에 국내 주식이나 채권에서 외국인 자금이 이탈되는 것 역시 우리뿐만이 아니라 전 세계 투자 자본이 우량 채권을 사기 위해서 지금 기다리고 있는 상황이다라고 볼 수 있어요."" 외국인들이 달러를 빼가면서, 환율도 요동치고 있습니다. 원-달러 환율은 어제 1,250원을 돌파한데 이어, 오늘 1,265원도 넘어섰습니다. 불과 1년 4개월 전에 1,080원대였는데, 17%나 급등한 겁니다. 원화 가치가 이렇게 떨어지면, 수입 물가가 뛰게 됩니다. [이승호/자본시장연구원 국제금융연구센터장] ""수입물가가 환율 때문에 오르기 때문에 그로 인한 물가 상승 압력을 더 줄 수 있다는 점 이 점이 가장 우려스럽다고 하겠습니다."" 다음주에 미국 중앙은행이 기준금리를 결정하는데, 한꺼번에 0.5%p를 올리는, 이른바 빅스텝 가능성이 높습니다. 우크라이나 전쟁의 장기화에 중국의 봉쇄까지. 물가 급등과 긴축의 공포는 당장 해결되기 어려워 보입니다. MBC뉴스 고은상입니다. 영상편집 : 안준혁/영상취재 : 전승현",3,9,"이제는 성장률도 걱정.외환보유고도 걱정.,2022-04-28/한국은 아무 것도 아니다.
부동산으로 이룬 부 같은 건 그냥 거품일 뿐.
물론 그 안의 개구리들은 착각 속에 살지만...
우크라이나에 한국을 대입해 봐라.
뭐가 남을지…,2022-04-28/대통령이 바본데 나 같아도 팔고 빤스런하지,2022-04-27",2022-04-27,,
MBC,경제,고령화 가시화‥ 인구 이동 47년 만에 최저,"올해 3월 중 국내 인구이동이 47년 만에 가장 낮은 수준을 기록했습니다. 통계청에 따르면 3월 중 국내 이동자 수는 58만 7천 명을 기록해 작년 같은 기간에 비해 20.1% 감소했습니다. 인구이동은 계절성이 강한 통계여서 통상 같은 달 기준으로 비교하는데, 매년 3월 인구이동만 놓고 봤을 때 1975년 55만 4천 명 이후 47년 만에 가장 작은 수준입니다. 통계청은 이동이 상대적으로 잦은 20·30대 인구 비중이 줄고 한곳에서 머무르는 성향이 강한 60대 이상 비중이 늘면서 인구이동이 우하향 곡선을 그리고 있는데다 3월 주택 매매 및 입주 예정 아파트 물량이 줄어든 게 영향을 끼쳤다고 분석했습니다.",1,0,NULL,2022-04-27,,
MBC,경제,"5대 기업 순위 변동‥ 두나무, 대기업 지정","공정거래위원회는 자산총액 5조원 이상 76개 기업집단을 다음 달 1일 자로 대기업 집단으로 지정하고, 이 가운데 자산총액 10조원 이상 47개 집단을 상호출자제한집단으로 지정했습니다. SK는 반도체 매출 증가 등에 힘입어 현대차를 제치고 자산총액 기준 대기업 2위로 올라서면서 대기업 상위 5개 순위가 12년 만에 처음으로 바뀌게 됐습니다. 특히 국내 최대 가상화폐 거래소인 업비트를 운영하는 두나무는 자산총액 약 10조 8천억 원으로 가상자산 업계 최초로 상호출자제한 집단에 지정됐습니다.",0,0,NULL,2022-04-27,,
MBC,국제,"러, 우크라 돈바스 맹공격‥""전면전 선언 가능성""","우크라이나 동부 돈바스 지역에 병력을 집결시킨 러시아는 현지시간 30일 포병대가 우크라이나 표적 389개 지점을 타격했다고 주장했습니다. 우크라이나군은 러시아가 목표로 했던 3개 지역을 함락하는 데 실패했다며 교전이 이어지고 있다고 밝혔습니다. 러시아의 우크라이나 침공이 교착 상태에 놓인 가운데, 러시아가 곧 전면전에 돌입할 것이란 분석도 나왔습니다. 벤 월러스 영국 국방부 장관은 ""푸틴 대통령이 러시아의 2차 세계대전 승전 기념일인 이달 9일, 군사적 손실을 보충하기 위해 국가총동원령을 발표할 가능성이 있다""고 예상했습니다.",0,9,"전 세계 가난한 아이들 굶겨 죽이느라 고생한다! 정권 유지를 위하여 그런가 보다 했으나 (자신 잘 먹고 잘살기 위하여) 이젠 아주 꼴도 보기 싫다. 푸틴! ~~,2022-05-01",2022-05-01,,
MBC,국제,"""푸틴, 특수군사작전 버리고 '전면전' 선언 가능성""","블라디미르 푸틴 러시아 대통령이 우크라이나 침공 과정에서 고수해온 `특수군사작전`이라는 용어를 버리고 전면전을 선언할 가능성이 있다고 영국 텔레그래프가 현지시간 29일 보도했습니다. 텔레그래프에 따르면 벤 월러스 영국 국방부 장관은 푸틴 대통령이 군사적 손실을 보충하기 위해 몇 주 안에 국가총동원령을 발표할 가능성이 있다고 예상했습니다. 월러스 장관은 ""푸틴 대통령이 전세계 나치들과의 전쟁 상태에 있으며 러시아인들에 대한 대규모 동원이 필요하다고 선언할 가능성이 있다""면서 ""다음 달 9일 러시아의 제2차 세계대전 승전 기념일에 이러한 발표가 있을 수 있다""고 말했습니다. 푸틴 대통령은 지난 2월 침공을 개시하면서 우크라이나의 전력 무력화와 우크라이나 내 신나치주의자 척결을 목표로 한 특수군사작전을 시작한다고 밝힌 바 있습니다. 텔레그래프는 러시아군이 우크라이나 수도 키이우 공세 실패에 격분해있다면서 군 수뇌부들이 푸틴 대통령에게 `특수작전` 용어를 버리고 전쟁을 선포할 것을 요구하고 있다고 전했습니다.",0,1,"저놈이 쓰고 있는 글이 톨스토이, 도스토옙스키, 솔제니친도 썼는 그 글인가?,2022-05-01",2022-05-01,,
MBC,국제,미국 캔자스주서 강력한 토네이도‥건물 수십채 파괴,"미국 중부 캔자스주에서 현지시간 29일 강력한 토네이도가 발생해 건물 수십채가 파괴됐습니다. CNN 방송은 이날 밤 강력한 토네이도가 캔자스주 지역을 강타하면서 도시 동부의 앤도버에서 건물 50에서 100채가 무너져 내린 것으로 추정된다고 보도했습니다. 앤도버의 소방청장 채드 러셀은 ""많은 건물이 아주 심각한 피해를 입었다""며 ""일부 주택은 완전히 날아가 버렸다""고 말했습니다. 건물 피해는 컸지만 다행히 현재까지 보고된 인명 피해는 부상자 몇 명에 그쳤고 사망자는 없는 것으로 파악됐습니다. 로라 켈지 캔자스 주지사가 비상사태를 선포한 가운데, 주택과 상가 등 2만여개 시설에 전기가 끊겼다가 이후 조금씩 복구되고 있습니다. 미 국립해양대기국(NOAA) 폭풍예측센터에 따르면 이날 캔자스주와 네브라스카주에서 모두 14건의 토네이도가 발생했고, 70여건의 강풍 피해와 50여건의 우박 피해가 보고됐습니다.",0,0,NULL,2022-04-26,,
MBC,국제,기업인들 만난 ‘벤처 23세대’ 안철수…새 정부 ‘ESG 금융 공급 확대’ 선물할까,"""원달러 환율, 다음 주까지 지켜봐야‥달러 강세 너무 가파른 상황. 유로 및 엔화 상대적 약세""",15,5,"잘 하고 있습니다. 아~~마도 당신들은 러시아라는 야만적인 민족을 다시 알게 해주고 그들을 대하는 방법을 일깨워준 나라로 세계가 당신들에게 빚을 졌다고 해도 과언이 아닐 것입니다.,2022-04-26/나라를 전쟁에 몰아넣어서 죽고 부서지는 지금 상태가 뭉쳐서 살고 있는 상황인가? 거짓말이나 착각은 당신 마음대로 그러나 말장난으로 현실을 바꿀 수는 없다.,2022-04-28",2022-04-26,,
MBC,국제,기업인들 만난 ‘벤처 24세대’ 안철수…새 정부 ‘ESG 금융 공급 확대’ 선물할까,,3,9,"억만장자가? 자살을??? 그걸 믿을까??? 암살이겠지!,2022-04-30/좌파들은 생명 경시가 심하구나. 게다 의문의 죽음도. 돈 많으면 탈출을 해야지. 왜 죽어? 푸틴이 비밀경찰 출신이라 암살 까짖거 일도 아니니 죽은 이유를 모르네.,2022.01.30/범인...푸틴,2022-04-30",2022-04-30,,
MBC,국제,"러, 우크라 돈바스 맹공격‥""전면전 선언 가능성""","""환율 약세, 내수 및 금융 시장에 악재. 한국은행, 5월에 또 금리 인상할 수밖에 없을 것""",11,5,"문재인은 국내정치와 지지율에 너무 반일감정을 교묘하게 이용해 먹었다. 지난 5년간 한짓은 이념갈등, 남녀 젠더갈등, 세대갈등, 반일갈등 등 허구헌날 국민 감정을 건드려서 분열과 갈등만 조장하며 국민을 분열시키고 편갈라서 자기 지지율에 이용만 해먹다 끝났다. 양산가서 365일 아사히 맥주 마셔가며 죽창가나 불러라.,2022-04-26/여기 분명히 토왜~토왜~거리면서 발광하는 중국몽 꿈꾸는 대깨와 바퀴벌레 조선족들 댓글 맛집되겠는데??ㅎㅎ,2022-04-26/해외순방에 혼밥먹은 대통령은 어째서라!,2022-04-26/정권 바뀌었으니 알아서 기어야지. 저기서 왜구가 독도는 누구땅? 하고 물어보면 볼만 할텐데...,2022-04-26/DNA가 같은가???,2022-04-26/무슨 일을 하러 갔는지 두고 보면 알터. 제7광구랑 대마도 반환건도 친서에 담았어야 한다.,2022-04-26",2022-04-26,,
MBC,국제,"""키이우 근처에서 손 묶인 시신 3구 추가 발견""","우크라이나 수도 키이우에 있는 부차 타운 근처의 한 구덩이에서 손이 묶인 남성 시신 3구가 추가로 발견됐다고 키이우 경찰이 밝혔다고 AFP통신이 전했습니다. 경찰은 성명에서 ""4월 29일 부차 지구에서 3명의 남자 시신을 묻힌 구덩이가 발견됐다""면서 ""손이 묶이고 눈이 천으로 가려졌으며 일부는 재갈이 물려있었다""고 말했습니다. 경찰은 ""시신 여러 부분에 총상이 있었고 고문의 흔적도 발견됐다""고 설명했습니다. 부차는 러시아군이 민간인 학살 전쟁범죄를 저질렀다는 혐의가 제기된 곳으로 4월 초에도 민간인 복장의 시신 수십 구가 발견됐고 일부는 손이 묶여 있었습니다. 러시아는 부차를 한 달간 점령하다가 철군했으며 이후 그 주변에서 많은 시신이 나오고 있다. 키이우 경찰은 이로써 러시아군에 학살된 사람의 수가 모두 1천202명이라고 밝혔습니다.",0,0,"우크라이나 소식을 접할 때마다 정말 마음이아프다. 21세기에 이런 전쟁이 가능하단 말인가? 하루빨리 우크라이나에 평화가 오길 기원한다.,2022-04-30",2022-04-30,,
MBC,국제,중국 주상복합 붕괴사고로 사망 23명·실종 39명,"지난 29일 중국 후난성 창사에서 발생한 6층짜리 주상복합 건물 붕괴 사고로 23명이 숨지고 39명이 실종됐습니다. 북경청년보 등 중국 매체들은 이틀 동안 진행된 수색 작업에서 5명을 구조하고, 23명의 시신을 수습했다고 보도했습니다. 구조당국은 또 아직 확인되지 않은 실종자 39명을 수색하고 있다고 밝혔습니다. 시진핑 국가주석은 ""부상자와 실종자 구조에 총력을 기울이고, 사고 원인을 철저히 조사해 책임자에 대해 법에 따라 엄중히 책임을 물어야 한다""고 말했습니다. 리커창 중국 총리도 ""구조 골든 타임을 확보해 사망자를 최소화해야 한다""면서 ""사고 원인을 철저히 규명해 건설 분야의 중대 사고 발생을 예방해야 한다""고 주문했습니다. 앞서 지난 29일 낮 12시 25분쯤 창사시 왕청구의 6층짜리 주상복합 건물이 갑자기 무너지며 수십 명의 사람이 실종되거나 숨졌습니다.",0,0,NULL,2022-04-30,,
MBC,국제,"""러시아 돈바스 맹공격에도 목표 지역 함락 실패""","러시아가 우크라이나 동부 돈바스 지역을 맹공격했지만, 목표로 했던 3개 지역을 함락하는 데 실패했다고 우크라이나군이 밝혔다고 로이터통신이 보도했습니다. 우크라이나 총참모부는 일일 업데이트에서 러시아가 도네츠크의 리만과, 루한스크의 시비에로도네츠와 포파스나를 함락하려고 시도했으나 성공하지 못했고 교전이 계속되고 있다고 전했습니다. 최근 돈바스로 공세의 초점을 옮긴 러시아는 포병대가 간밤에 우크라이나 389개 지점을 타격했다고 주장했습니다.",1,3,NULL,2022-04-30,,
MBC,국제,"인도, 중국 샤오미 계좌서 9천억원 압수‥""불법 해외송금""","인도 정부가 불법 해외 송금 혐의로 중국 휴대전화 제조업체 샤오미의 자산 9천억 원을 압수했습니다. 인도 재무부 산하 금융범죄수사국(ED)은 현지시간 30일 해외로 외화를 불법 송금한 증거를 확인했다며 샤오미의 인도법인 계좌에서 555억루피(약 9천140억원)를 압수했다고 로이터통신이 보도했습니다. 금융범죄수사국은 ""관련 자금은 샤오미 그룹 관계사 한 곳 등 외국에 기반을 둔 3곳에 송금됐다""며 ""로열티로 가장한 막대한 금액이 중국 모기업의 지시에 따라 송금됐다""고 설명했습니다. 샤오미는 인도에서 활동하는 가장 큰 외국 휴대전화 제조엄체 가운데 하나로 연 매출액이 3천4백억 루피, 우리 돈으로 5조 6천억 원에 달합니다. 이에 대해 샤오미는 아직 아무런 입장을 내놓지 않고 있습니다.",1,0,NULL,2022-04-30,,
MBC,국제,상하이 격리시설 밖 감염자 0명‥봉쇄 완화 기대감,"중국 상하이에서 격리 통제 구역 밖에서 신규 감염자가 나오지 않으면서 한 달 넘게 이어진 도시 전면 봉쇄가 일부 풀릴 것으로 기대되고 있습니다. 중국공산당 기관지 인민일보 산하 건강시보는 중국 국가위생건강위원회 통계를 인용해 29일 상하이 신규 감염자 수는 1만181명으로 중복 집계된 사례를 뺀 실제 신규 감염자 수는 9천196명이라고 전했습니다. 건강시보는 ""실제 신규 감염자는 모두 격리 관리 통제 구역 내에서 발생했다""면서 ""이는 상하이가 사회면 제로 코로나를 달성했다는 뜻""이라고 강조했습니다. '사회면 제로 코로나'는 격리 통제 구역 밖에서 신규 감염자가 나오지 않는 상태를 뜻하는 중국의 방역 용어입니다. 앞서 상하이시는 지난 27일 기자회견에서 '사회면 제로 코로나'를 달성한 지역에 대해 '제한된 인원, 제한된 지역, 제한된 활동'을 실시할 계획이라고 밝혔습니다. 그러면서 30일까지 항원 검사와 PCR 검사를 결합하는 방식으로 전수검사를 해서 결과에 따라 제한적 개방 여부를 결정하겠다고 말했습니다. 인구 2천500만명의 상하이는 코로나19 감염자가 속출하면서 지난달 28일부터 30일 현재 34일째 봉쇄가 지속되고 있습니다.",0,0,"상하이 봉쇄로 많은 시민들이 불편을 겪는다는 기사를 봤는데 그나마 다행이다. 중국 봉쇄가 어서 풀리길 바래본다,2022-04-30",2022-04-30,,
MBC,국제,버려진 마을 '우토로'의 희망‥평화기념관 문 열어,"앵커 조선인 강제징용 노동자들이 집단 거주하던 일본 우토로 마을에 오늘 평화기념관이 문을 열었습니다. 1942년에 끌려와 온갖 고난을 겪었던 조선인 노동자들. 80년 만에 들려 온 반가운 소식인데, 아직 해결해야 할 문제는 많습니다. 현영준 특파원이 우토로 마을에 다녀왔습니다. 리포트 1941년 미국 진주만을 기습 공격한 일본은 장기전을 위해 교토 외곽 우지시에 대규모 군 비행장과 군용기 공장을 짓기 시작했습니다. 건설 공사에 동원된 인력이 2천 명 정도였는데 그 중 1,300명이 조선 사람들이었습니다. 그러나 일본이 패망하면서 비행장 건설은 중단됐고, 고향으로 돌아갈 뱃삯조차 없었던 조선인들은 이곳에 방치됐습니다."" 뿔뿔이 흩어졌던 조선인들 중 일부는 우토로에 무허가 판자집을 짓고 어렵게 삶을 이어갔습니다. [소관수(74세) / 강제징용노동자 후손] ""(지붕이) 50미터, 100미터까지 날아갔습니다. 큰 태풍이 올 때 날아갔습니다. 이웃 사람들이 도와줘서 다시 지붕을 올렸습니다"" 그런데 1987년 일본의 한 부동산 기업이 우토로 마을의 토지 소유권을 사들였고 부동산 개발에 나섰습니다. 일본 최고재판소마저 명도 소송에서 부동산 회사의 손을 들어줬고, 우토로 마을은 강제 철거될 위기에 처했습니다. 이 사연을 알게 된 일본의 양심 세력과 한국의 시민단체가 '우토로를 지키는 모임'을 만들었고, 2007년엔 한국 정부로부터 30억 원을 지원받아 마을을 되찾게 됐습니다. 판자집 대신 새 주택도 지원받게 됐습니다. 오늘 개관한 우토로 평화기념관엔 그동안의 굴곡진 조선인 강제징용 노동자들의 삶이 고스란히 전시돼 있습니다. [타가와 아키코 / 우토로평화기념관장 ] ""(일본내에서) 혐한범죄도 일어나고 있습니다. 그러나 (우토로 평화기념관을 통해) 저 같은 보통 일본인이 재일 한국인들과 사이좋게 지내기를 바랍니다."" 우토로의 조선인들은 다행히 마을을 되찾았지만, 군함도와 사도광산, 신일본제철 등 일본이 외면하고 있는 강제 징용 피해자들은 여전히 가혹했던 악몽에서 벗어나지 못하고 있습니다. MBC뉴스 현영준입니다.",11,0,NULL,2022-04-30,,
MBC,국제,[권희진의 세계는] 다시 고개드는 '핵전쟁' 공포,"앵커 핵 사용을 대놓고 언급하는 건 북한 뿐만이 아닙니다. 우크라이나에서 고전하고 있는 러시아는 핵전쟁을 들먹이며 서방을 위협하고 있습니다. 여기에 미국과 맞서는 중국은 핵무기 수를 빠르게 늘리고 있고 미국도 유사시엔 핵무기를 사용할 수 있다며 맞서고 있죠 냉전 이후 그동안 잊고 있던 핵전쟁이 난데없이 실제로 일어날 수도 있다는 위기감이 퍼지고 있습니다. 권희진 국제문제 전문기자가 자세히 전해드립니다. 리포트 우크라이나 침공을 앞둔 2월 19일, 러시아군은 핵무기 공격 실전훈련에 돌입합니다. 핵탄두를 장착할 수 있는 탄도미사일을 핵잠수함에서 발사하고, 육지의 이동식 발사대에서도 미사일을 쏘아 올렸습니다. 전술핵폭격기까지 훈련에 나서 목표물을 타격했습니다. 이후 우크라이나 침공으로 제재가 시작되자 러시아의 핵무기 부대들이 일제히 전투준비 태세에 돌입했습니다. [블라디미르 푸틴 / 러시아 대통령] ""나는 우리 핵억제 부대가 전투준비 태세에 돌입하라고 군에 명령했습니다."" 개전 2달 뒤인 지난 21일, 러시아는 신형 대륙간탄도미사일, ICBM을 발사했습니다. 10개 이상의 핵탄두로 프랑스 정도의 면적을 한 번에 초토화할 수 있고, 음속 27배의 극초음속 무기도 여러 개 탑재 가능합니다. [블라디미르 푸틴 / 러시아 대통령] ""이 새로운 미사일은 최고 수준의 기술이 적용돼 어떤 미사일 방어 체계도 무력화할 수 있습니다."" 지난달 러시아 크렘린궁 페스코프 대변인은 '국가 존립에 위험이 있을 때'엔 핵을 사용할 수 있다고 말했습니다. 러시아가 지난 2020년, 서방을 겨냥해 이례적으로 공개한 '핵무기 사용 기준'을 들먹이며 핵전쟁을 경고한 것입니다. 실제로 푸틴은 전술핵 사용도 검토 중입니다. '전술핵'은 단거리 미사일이나, 전투기에 탑재 가능한 소형 핵무기를 말합니다. 러시아가 우크라이나 전쟁에서 불리해지면 전술핵으로 전세를 뒤집으려 할 가능성이 있다는 전망도 나옵니다. 이렇게 되자 핵전쟁 위험을 줄이기 위해 핵무기를 극히 제한적으로만 사용할 것이라던 미국도 태도를 바꿨습니다. 바이든 대통령이 '핵공격에 대한 반격으로만 핵을 쓰기로 한다'던 공약을 최근 폐기한 거죠. 미국 국방부는 지난달 '극단적인 상황'에선 핵무기 사용을 고려할 것이라고 밝혔습니다. 이런 상황에서 중국도 빠르게 핵무기 수를 늘려가고 있습니다. 중국 서부 간쑤성 사막에선 최근 120여 개의 미사일 격납고가 포착됐습니다. 앞서 신장 지역에서도 110개의 미사일 격납고가 발견됐습니다. 미국 국방부는 중국이 몇 년 뒤면 지금의 3배인 1천 개 가까운 핵무기를 갖게 된다고 전망합니다. 미국 과학자연맹 보고서 러시아는 4천5백 개, 미국은 3천7백 개의 핵탄두를 보유한 것으로 알려지고 있습니다. 러시아와 미국이 주도하는 핵무기 경쟁에 중국도 본격적으로 뛰어든 것입니다. [류성엽 / 21세기군사연구소 전문연구위원] ""(중국이) 대만을 침공하게 되면 미군이 개입한다는 건 이미 결정돼 있는 내용이라고 하더라도 (핵무기가 있다면 미국이) 한번 고민하면서 개입 속도를 늦출 수는 있겠죠."" 이런 분위기 속에 사실상 핵보유국인 북한의 태도도 마치 러시아를 따르듯 거칠어지고 있습니다. 북한 김정은 위원장은 '국가의 근본이익'이 침탈당하면 핵을 쓸 수 있다던 발언에서 더 나아가 아예 선제 핵공격까지 거론했습니다. 핵무기 경쟁에 더해, 핵보유국들이 필요하면 핵을 쓸 수 있다고 잇따라 밝히기까지 하면서 그동안 비현실적으로만 여겨졌던 핵전쟁의 공포가 구체화 되는 모습입니다. MBC뉴스 권희진입니다.",0,0,"지하 15m 사방팔방 60cm 두께 정도 콘크리트 쌓으면 직접 맞지 않는 이상 살 수 있겠죠? 이런 능력이 있는 분이 살아남아서 돌도끼, 돌칼 들고 제4차 세계대전하고요? 왜 인류의 역사는 전쟁의 역사일까요? 별로 안 좋은 것 같은데 계속 싸웁니다? 돌연변이 때문에,2022-05-01/핵 없는 대한민국 당선자는 왜 저리 지지고 볶고 혼란만 가중시키는 행보를 하는지요?
사방 노리는 승냥이들에게 둘러싼 현실 ,대체 국방안전, 대비태세 어떤 조치를 취하고 있는지?
팬데믹시대로 국민들 힘들고 지쳤습니다. 국가안위 민생부터 챙기고, 또 다른 변이 바이러스 적극 대처
예산 확보 힘써야 합니다. 억하감정 누르고, 청와대로 들어가 취임식등, 공관도 한방에 해결되고,
바이든 순방장소로 적합합니다. 절대 예비비, 추경예산 건들면 안됩니다. 개인을 위해 혈세사용치
마십시요.,2022-05-01",2022-04-30,,
MBC,국제,"[World Now_영상] '절수 명령' 美 캘리포니아‥""야외 물 사용, 일주일 1번만""","미국 캘리포니아 오로빌 호수의 모습입니다. 캘리포니아의 주요 취수원 가운데 하나인데요. 얼핏 보면 야트막한 언덕들로 여겨질 정도로 바닥이 드러나고 있습니다. 오로빌 호수로 이어지는 강 역시 유량이 눈에 띄게 줄어든 상황입니다. 역사적인 가뭄이 이어지면서 최근 캘리포니아는 심각한 물 부족을 겪고 있습니다. 캘리포니아 인구의 40% 가까운 1천4백만 명에게 물을 공급하는 '남캘리포니아 메트로폴리탄 수역(MWD)'은 최근 '비상 물 보전 프로그램'을 가동하기에 이르렀는데요. 오는 6월 1일부터는 캘리포니아 일부 지역에서 잔디밭에 물주기, 세차 같은 야외 물 소비 활동을 일주일에 1번으로 제한한다는 내용입니다. 이번 조치로 캘리포니아 주민 약 6백만 명이 절수 명령에 따라야 할 걸로 보입니다. WMD의 총괄 매니저인 아델 하쉬칼릴은 ""앞으로 1년 간 지속적인 물 공급이 어렵다고 보고 있다""며 ""우리가 실내에서 쓸 물, 마실 물을 확보하기 위해 필요한 조치""라고 로이터 통신에 밝혔습니다. 이미 올해 1~3월 캘리포니아주의 강수량이 역대 최저를 기록할 정도로 건조한 날씨가 이어지고 있습니다. 이런 물 부족 현상은 캘리포니아 북부 시에라 네바다 산맥의 산악 지역에 눈이 적게 내린 것도 영향을 미쳤다는 분석이 나오는데요. 캘리포니아 정치권에서 1인당 물 사용량까지 줄이는 법안이 추진되는 가운데, 기후변화로 인한 물 부족 현상이 단기간에 해결되기란 어려울 거란 전망도 이어지고 있습니다.",0,0,NULL,2022-04-30,,
MBC,국제,영국 의회에서 음란물 본 보수당 의원 정직 처분,"영국 의회에서 음란물을 본 남성 하원의원이 정직 처분을 받았습니다. 로이터통신은 보리스 존슨 총리가 이끄는 영국 집권당인 보수당이 하원 회의실 등에서 휴대전화로 음란물을 본 닐 패리시 의원의 자격을 정지시켰다고 현지시간 29일 보도했습니다. 2010년부터 하원의원으로 활동한 패리시 의원은 의회에서 음란물을 본 의원이 있다는 언론 보도가 나와 논란이 되자 의회윤리감찰관에게 자신이 당사자라고 보고한 후 정직 처분을 받았습니다. 보수당 원내총무실 대변인은 ""조사 결과가 나올 때까지 패리시 의원의 자격은 정지된다""고 설명했습니다. 패리시 의원은 조사에 협조하겠다고 밝혔으며, 사건의 구체적인 내용에 대해서는 언급을 거부했습니다. 그는 여성 의원들의 증언과 관련한 취재진의 질문에 ""나는 그들이 우려하는 바를 알고 있으며 당시 상황에 대해 사과한다""고 말했습니다. 앞서 26일 보수당 여성 평의원 정례 모임에서 참석자 2명이 패리시 의원의 실명을 밝히며 그가 본회의장과 위원회 회의실에서 음란물을 보는 것을 목격했다고 증언했습니다. 이에 원내총무실은 용납할 수 없는 행위라며 조사 중이라고 밝혔고, 존슨 총리 역시 어떤 직장에서든 음란물을 보는 행위는 받아들여질 수 없다고 말했습니다. 이 밖에 제1야당인 노동당의 앤절라 레이너 부대표에 관한 여성혐오적 기사를 둘러싼 논란이 제기되는 등 최근 영국 정치권에서는 성 논란이 불거지고 있습니다. 영국 매체 '메일 온 선데이'가 한 의원을 인용해 레이너 부대표가 하원 회의장에서 다리를 꼬았다 풀었다 하면서 존슨 총리의 주의를 분산시키려 한다면서 영화 '원초적 본능'의 샤론 스톤에 빗대 논란이 일었습니다.",0,0,NULL,2022-04-30,,
MBC,국제,"""'트럼프 국경장벽' 건설 이후 추락사고 사상자 5배 늘어""","도널드 트럼프 전 미국 대통령이 미국과 멕시코 사이에 장벽을 건설한 이후 국경을 넘으려다가 발생한 사상자가 급증했다고 워싱턴포스트가 보도했습니다. 샌디에이고 캘리포니아대 병원 의사들이 학술지에 발표한 보고서에 따르면, 국경 장벽이 9미터까지 높아진 2019년 이후 이곳에서 병원에 온 환자는 375명으로, 장벽을 높이기 전보다 5배 증가했다고 워싱턴포스트는 전했습니다. 해당 보고서는 장벽이 건설되기 전에는 국경에서 추락사가 한 건도 없었지만, 트럼프 전 대통령의 국경장벽이 들어선 뒤 16건으로 늘었다고 설명했습니다. 트럼프 전 대통령은 재임 시절 불법 이민자와 마약 유입을 막겠다며 멕시코와의 국경지대에 최대 9미터 높이의 말뚝을 줄지어 세워 장벽을 건설했습니다.",1,7,"트럼프가 설치한 국경장벽에 사망자가 이렇게 많다니. 트럼프가 조금 더 인권을 생각했으면 어땠을까하는 아쉬움이 남는다.,2022-05-01/누가 넘어라 했나. 죽기 싫으면 안 넘으면 되지.,2022-04-30/미친돼지 새끼가 사람잡았네!!!!!!!!!!!!,2022-04-30",2022-04-30,,
MBC,국제,"아프간 카불 모스크서 강력한 폭발‥""최소 50여명 사망""","아프가니스탄 카불 서부의 한 모스크에서 현지시간 29일 자살폭탄 테러로 보이는 강력한 폭발이 발생해 50명 이상이 숨졌다고 사원 측이 밝습니다. 폭발은 오후 2시쯤 금요 예비 행사를 위해 이슬람 신자들이 모여 있던 카불 서부의 칼리파 사히브 모스크에서 일어났습니다. 보건 관계자는 이 폭발로 사망자 66명과 부상자 78명이 시내 병원으로 이송됐다고 밝혔습니다. 그러나 내무부 부대변인은 공식 집계된 사망자는 10명이라고 밝히는 등 정확한 사상자 집계는 이뤄지지 않고 있습니다. 모스크 대표인 사예드 파질 아그하는 자살 테러범이 예배 행사에 참여했다가 폭탄을 터뜨린 것으로 보인다며 ""폭발로 검은 연기와 파편이 사방으로 흩어졌고 곳곳에 숨진 사람들이 쓰러져 있었다""고 말했습니다. 이번 폭발은 이슬람 금식성월인 라마단 기간에 아프가니스탄에서 예배 장소와 민간 시설에 대한 공격이 잇따르는 가운데 발생했습니다. 자히훌라 무자히드 집권 탈레반 대변인은 이번 폭발을 규탄하는 성명을 발표하고 가해자를 찾아 처벌할 것이라고 밝혔습니다. 그러나 폭발이 누구의 소행인지는 즉각 밝혀지지 않고 있습니다. 유엔 아프가니스탄 대표부는 이번 공격은 최근 수주 간 증가해온 소수자에 대한 공격의 일환이라고 비난하며 공격 당시 최소 2명의 유엔 직원과 가족이 모스크에 있었다고 밝혔습니다.",0,2,NULL,2022-04-30,,
MBC,국제,상하이 탈출하려던 외국인‥실패하자 오열,"앵커 봉쇄 한 달이 넘은 중국 상하이에서 한 외국인이 탈출하려다 방역 요원에게 붙잡혀 끌려가는 영상이 공개됐습니다. 언제 풀릴지 기약없는 봉쇄가 이어지면서 현지 주민들의 반발도 거세지고 있습니다. 베이징에서 이해인 특파원입니다. 리포트 한 외국인 남성이 방역요원들에게 끌려갑니다. 철제 울타리가 쳐진 상하이 통제구역에서 탈출하려다 붙잡힌 겁니다. 죽고 싶다고 소리치고, ""죽고 싶어요, 죽고 싶어. 아무도 절 신경쓰지 않아요."" 울면서 보내달라고 호소해 봐도, 돌아오는 대답은 싸늘합니다. [상하이 방역요원] ""중국에 왔으면 이곳의 법률과 규정을 준수해야 합니다. 알겠어요?"" 한 달을 넘긴 상하이 봉쇄. 언제 풀릴지 기약도 없는 상황에서 생필품 부족은 계속되자 현지 주민들의 반발도 거세지고 있습니다. 밖으로 나가지 못하자 아파트 베란다에서 냄비를 두드리는 시위를 시작했습니다. ""자유를 돌려달라!"" 시간과 방식을 SNS로 공유하며 동시 다발 시위가 열렸지만, 중국 당국은 외부 세력의 선동에 넘어가지 말라는 경고로 맞서고 있습니다. 베이징과 인접한 허베이성 탕산에서는 주민들이 밖으로 못 나오게 문 앞에 쇠못을 박고, 철사로 문을 걸어 잠가 과잉 방역 논란이 일었습니다. 주민들은 불이라도 나면 다 죽으라는 거냐며 강하게 반발했습니다. 거세지는 주민 반발과 경제에 미치는 악영향에도 중국은 제로 코로나 정책을 바꿀 생각이 없어 보입니다. 일주일에 가까운 노동절 연휴가 시작되지만 중국 대부분 지역에는 거주 도시를 벗어나지 말라는 지침이 내려졌습니다. 베이징에서 MBC뉴스 이해인입니다.",2,1,NULL,2022-04-30,,
MBC,국제,美위스콘신 10세소녀 성폭행살해 용의자는 4살 위 고종사촌 오빠,"미국 위스콘신주에서 10세 소녀를 성폭행하고 살해한 혐의를 받는 14세 소년의 신원이 확인됐습니다. 현지시간 29일 영국에 기반을 둔 뉴스매체 데일리메일은 지난주 위스콘신주 치페와폴스에서 실종 하루 만에 숨진 채 발견된 10살 일리아나 릴리 피터스를 살해한 용의자는 피터스 고모의 아들 14살 칼슨 피터스-버거라고 보도했습니다. 피터스는 지난 24일 밤 9시쯤 집에서부터 약 400m 떨어진 고모집에 다녀오다 실종됐고 다음 날 아침 약 1km 떨어진 숲 산책로 인근에서 주검으로 발견됐습니다. 이 매체는 ""용의자 버거의 어머니와 피해자 피터스의 아버지는 남매 사이""라고 전했습니다. 경찰은 지난 26일 밤 ""14세 소년을 피터스 살해 용의자로 체포했다""고 발표한 바 있습니다. 경찰은 용의자가 피터스와 서로 알던 사이라는 사실 외에 상세 정보를 공개하지 않았으나 데일리메일은 사건 현장에서 주변 인물들을 취재해 용의자 신원을 고모의 아들인 버거로 확인했다고 밝혔습니다. 아울러 버거의 아버지 애덤 버거는 2018년 아동 포르노그라피 소지 혐의로 유죄 판결을 받은 소아성애자이며 2018년 수감돼 3년 복역한 후 작년 4월부터 사회적응시설에 머물고 있다고 전했습니다. 버거의 어머니 로리 데이비스는 애덤 버거와 동거하는 사이 아들을 낳았으며 두 사람은 불화를 겪다 헤어진 것으로 알려졌습니다. 주변인들은 버거가 어머니와 살면서 정기적으로 아버지를 만났고 자신을 `가장 소중한 존재`라 칭하는 아버지와 친밀한 관계였다며 ""아버지가 수감된 후 말이 없어지고 웃는 일 없이 늘 고개를 숙인 채 다녔다""고 전했습니다. 피터스의 부모도 2018년 이혼했으며 피터스는 아버지와 함께 살았습니다. 경찰은 이번 사건을 계획된 범행으로 추정하고 있습니다. 위스콘신 검찰은 버거를 성인으로 간주하고 1급 살인·1급 강간·1급 아동성범죄 등 3개 혐의로 기소했으며, 유죄 확정시 최대 무기징역형에 처해질 수 있다고 밝혔습니다.",0,0,"14세 인데 성인으로 간주하고 ...이거 아주 잘한 판결이네요,2022-05-01",2022-04-30,,
MBC,국제,美서 이르면 6월 5세 이하 어린이용 코로나19 백신 승인될 듯,"미국에서 이르면 오는 6월쯤 5세 이하 어린이용 코로나19 백신이 승인될 것 같다고 CNN 방송이 현지시간 29일 보도했습니다. 이 방송에 따르면 미 식품의약국(FDA)은 이날 제약사 모더나와 화이자의 어린이용 코로나19 백신에 대한 긴급사용 승인(EUA) 문제를 논의할 외부 자문기구인 백신·생물의약품자문위원회(VRBPAC)의 다음 회의 일정을 6월로 잡았다고 발표했습니다. 잠정적으로 잡힌 회의 일정은 6월 8일, 21일, 22일인데, FDA는 그동안 이 자문위원회가 백신을 승인하라고 권고한 이후 이 의견을 수용해 승인하는 절차를 밟아왔습니다. 백신 업무를 관장하는 피터 마크스 FDA 생물의약품평가연구센터(CBER) 소장은 자문위원회가 여러 건의 승인 신청을 논의할 것이라면서 어떤 승인 절차든 빨리 진행할 계획이라고 강조했습니다. 미국에서 5세 이하 어린이 인구는 약 1천800만명으로 추정되는데 아직 이 연령대에 대해서는 코로나19 백신이 승인되지 않았습니다. 모더나는 최근 5세 이하 어린이 시험자를 대상으로 2회 접종한 임상 데이터를 제출하면서 자사 백신에 대해 긴급사용 승인을 요청했고, 화이자는 6월께 3회 접종을 정규 접종법으로 한 임상 데이터를 곧 제출할 것으로 관측되고 있습니다. 이에 따라 미 언론에서는 FDA가 5월 중 자문기구 회의를 열어 모더나의 백신에 대해 먼저 심사를 할지, 또는 화이자의 데이터가 나올 때까지 기다렸다가 6월 두 회사의 백신 데이터를 한꺼번에 검토할지를 고민 중이라고 보도한 바 있습니다. 이날 잡힌 회의 일정을 보면 FDA는 모더나와 화이자의 어린이용 백신을 동시에 검토해 승인할 것으로 보입니다.",0,0,NULL,2022-04-30,,
MBC,사회,신규확진 3만7771명‥위중증 이틀 연속 500명 미만,"국내 코로나19 확진자가 감소세를 유지하면서 오늘(1일) 신규확진자는 전날보다 5천515명 적은 3만7771명으로 집계됐습니다. 위중증 환자 수도 493명으로 이틀 연속 500명 미만을 유지했고, 전국 중환자 병상 가동률은 어제보다 떨어진 24.9%를 보이고 있습니다. 사망자 숫자는 어제보다 11명 늘어나 81명을 기록했습니다. 60세 이상 고령층은 인구대비 14.6%가 4차 접종을 완료했습니다.",0,0,NULL,2022-05-01,,
MBC,사회,라임 로비·횡령' 이강세 전 스타모빌리티 대표 징역 5년 확정,"이른바 '라임자산운용 사태'와 관련해 회삿돈을 빼돌리고 정·관계 로비 명목으로 수천만 원을 챙긴 혐의로 재판에 넘겨진 이강세 전 스타모빌리티 대표에게 징역 5년형이 확정됐습니다. 대법원 1부는 김봉현 전 스타모빌리티 회장과 공모해 회삿돈 192억 원을 횡령하고, 청탁 명목으로 7천만 원을 받은 혐의로 기소된 이강세 전 스타모빌리티 대표에게 징역 5년을 선고한 원심을 확정했습니다. 1심 법원은 이 대표가 김봉현 전 회장의 횡령 전모를 충분히 인지했다는 점과 청탁 명목으로 돈을 받은 점이 인정된다고 판단해 징역 5년을 선고했고, 2심과 대법원도 같은 판단을 유지했습니다.",0,0,NULL,2022-05-01,,
MBC,사회,서부간선도로 달리던 차량에 불..1명 경상,"오늘 저녁 9시 반쯤 서울 금천구 독산동 서부간선도로를 달리던 승용차에서 불이 났습니다. 이 불로 조수석에 타고 있던 30대 김 모 씨가 오른쪽 손등에 2도 화상을 입어 병원에서 치료를 받았습니다. 또, 차가 모두 타 1천1백만 원의 재산피해가 났습니다. 경찰과 소방당국은 차 엔진룸에서 불이 시작된 것으로 보고 정확한 화재 원인을 조사하고 있습니다.",0,0,NULL,2022-04-29,,
MBC,사회,"21시 기준 코로나19 3만 4,544명‥전날보다 7천여명 감소","오늘 저녁 9시까지 전국에서 3만 4,544명이 코로나19 신규 확진 판정을 받았습니다. 이는 전날 같은 시간대의 4만 2,364명보다 7,820명이 줄어든 수치입니다. 또, 일주일 전 같은 요일과 비교하면 2만 7천여 명, 2주 전보다는 5만 7천여 명이 적습니다. 수도권은 1만 3,350명으로 38.6%를 차지했습니다.

이는 전날 같은 시간대의 4만 2,364명보다 7,820명이 줄어든 수치입니다.

또, 일주일 전 같은 요일과 비교하면 2만 7천여 명, 2주 전보다는 5만 7천여 명이 적습니다.

수도권은 1만 3,350명으로 38.6%를 차지했습니다.




",0,0,NULL,2022-04-29,,
MBC,사회,계곡 살인'사건 이은해·조현수 도피 조력자 2명 구속,"이른바 '계곡 살인' 사건 피의자인 이은해와 조현수의 도피 생활을 도운 조력자 2명이 구속됐습니다. 인천지법은 ""도주하거나 증거를 인멸할 우려가 있다""며 검찰이 청구한 구속영장을 발부했습니다. 32살 A와 31살 B씨는 이은해와 조현수가 검거되기 전까지 4개월 동안 도피 자금을 주거나 도피 장소를 마련해 준 혐의를 받고 있습니다. 경찰은 또 다른 조력자 2명도 입건해 수사하고 있습니다.",6,2,"이 사람들은 무슨 조직 처럼 움직이네요.,2022-05-01/쟈들 증거 불충분으로 풀려나면? 죄 사라지는 거 아닌가?,2022-04-30",2022-04-29,,
MBC,사회,"[날씨] 옅은 황사, 전국 미세먼지 '나쁨'‥서늘한 휴일","종일 흐린 하늘에 중북부 지방 곳곳으로는 약하게 비구름도 지났는데요. 비구름 뒤편으로 이제는 옅은 황사가 날아들 모양새입니다. 오늘 오전부터 중국 내몽골 지역에서 발원한 황사가 북서풍을 타고 우리나라 쪽으로 이동 중에 있고요. 내일 오전부터 내륙 지방에 영향을 주기 시작하겠습니다. 황사 강도로는 옅은 수준이지만 내일 전국의 미세먼지 농도가 종일 나쁨 수준을 보이겠고요. 강원도와 영남 지방은 일시적으로 매우 나쁨 수준까지도 오르겠습니다. 휴일인 내일은 낮 동안 햇살이 따갑기는 하겠지만 상층에 찬 공기가 머물고 있어서 종일 서늘함이 감돌겠고요. 중부 지방을 중심으로는 바람도 강하게 불겠습니다. 내일 전국에 구름 한 점 없겠지만 황사의 영향으로 공기가 탁해질 수 있겠습니다. 내일 밤사이 강원 북부에는 요란한 비가 조금 지날 텐데 높은 산지로는 눈도 섞여 올 수 있겠습니다. 내일 아침 전국의 기온 10도 안팎으로 오늘과 비슷하거나 조금 더 낮겠고요. 낮 기온은 서울이 18도, 대전과 광주 19도, 대구가 20도로 예년과 비교해서 4, 5도가량이 낮겠습니다. 봄 기질은 다음 주 월요일 중서부 지방부터 차츰 나아지겠고요. 다음 주는 내내 맑은 가운데 기온은 나날이 오름세를 보이겠습니다. 날씨였습니다.",2,0,"연일 황사와 송화가루 미세먼지로 힘든 날들이다. 우리 나라의 맑은 하늘이 어서 다시 찾아오길 기대해본다.,2022-04-30",2022-04-30,,
MBC,사회,"검찰, 산업부 국장 피의자 소환‥11시간가량 조사",이른바 `산업부 블랙리스트` 의혹을 수사 중인 검찰이 산업통상자원부 현직 국장을 소환해 11시간가량 조사했습니다. 법조계에 따르면 서울동부지검 형사6부는 오늘 오전 9시 20분부터 오후 8시 15분까지 산업부 국장을 피의자 신분으로 불러 조사했습니다. 오늘 소환된 국장은 현 정부 출범 후 산업부 산하 기관장들이 줄사표를 내던 2017년 9월 당시 산업부 내에서 인사 관련 직무를 담당하는 과장으로 일했습니다. 검찰이 처음으로 산업부 고위 간부를 대상으로 피의자 조사에 나서면서 블랙리스트 의혹 수사도 급물살을 타게 될 것으로 보입니다. 국민의힘 전신인 자유한국당은 2019년 1월 한국전력 자회사 4곳의 사장들이 산업부 윗선의 압박으로 일괄 사표를 냈다는 의혹을 제기하며 백운규 전 장관과 소환된 국장 등 4명을 직권남용 혐의로 고발했습니다. 검찰은 지난달 25일 산업부 원전 관련 부서를 압수수색하며 수사에 착수한 뒤 사표를 냈던 당시 기관장들을 참고인으로 불러 조사한 바 있습니다.,0,0,NULL,2022-04-29,,
MBC,사회,청주 주택서 60대 남성 숨진 채 발견‥경찰 조사,"충북 청주의 한 주택에서 60대 남성이 숨진 채 발견돼 경찰이 수사에 나섰습니다. 경찰 등에 따르면 오늘 오후 7시 56분쯤 청주시 서원구 사직동의 한 단독주택 2층에서 세입자 69살 남성이 숨진 채 발견됐습니다. 경찰은 ""연락이 되지 않아 찾아왔는데, 숨져 있었다""라는 숨진 남성의 지인 신고를 받고 현장에 출동했습니다. 거실에서 쓰러진 채 발견된 남성의 몸에는 흉기에 찔린 자국이 있었던 것으로 전해졌습니다. 경찰은 외부 침입 흔적은 없는 것으로 판단하고, 정확한 사망 원인을 조사하고 있습니다.",0,0,NULL,2022-04-29,,
MBC,사회,10년간 12명 순직‥공포의 야간 해상 임무,"앵커 지난 8일, 제주 해상에서 해경 헬기가 추락한 뒤 남해 해경은 헬기 운항을 중단한 상황인데요. 최근 10년 동안 발생한 모든 헬기 추락사고가 밤에, 바다 위를 날 때 발생했습니다. 야간해상임무가 그만큼 어려운 일인데, 이를 대비하기 위한 훈련이 제대로 이뤄지지 않고 있다는 지적이 나오고 있습니다. 김유나 기자가 전해드리겠습니다. 리포트 저 멀리 불빛 하나가 보입니다. 이 헬기가 착륙할 해경 함정입니다. 지난 8일 마라도 해상에서 추락했던 해경의 S-92 헬기가, 사고 몇 달 전 야간 해상임무를 벌이는 모습입니다. [해경 OO항공대 전 기장] ""해상에서 야간 비행하는 데는 해경밖에 없죠. 난이도가 제일 높은 임무를 수행하는 조직이 해양경찰 항공이죠."" 한밤중에는 하늘도 바다도 모두 어둡고, 하늘의 별빛이 수면에 반사되면서 어디가 하늘이고 어디가 바다인지 분간할 수 없는 상황이 됩니다. 바로 이때 '비행착각'이 일어날 수 있습니다. [민간항공대 헬기 기장] ""실제로 항공기는 내려가고 있는데, (조종사) 본인은 올라가고 있다고 그렇게 보일 수 있거든요. 거의 90% 이상은 (야간 비행 시) 비행착각에 빠집니다."" 지난 10년 동안 발생한 해경의 헬기추락사고는 3건으로 모두 밤에, 바다 위에서 벌어졌습니다. 이번 사고를 제외한 나머지 2건의 사고원인은 '비행착각'이었습니다. 이번 사고에서도 헬기는 이륙한 직후 수평 비행을 하다가 1분도 되지 않아 갑자기 추락했습니다. [3012함 승선원(목격자)] ""(헬기가) 상승해야 되는데 상승하지를 않고 하(下)방향으로 전진하면서 이제 사고가…"" 또 당시 바람은 초속 1미터 내외였는데 오히려 바람이 없어 양력이 부족한 상황이었습니다. 헬기 기장이 양력을 받기 위해 배의 속도를 높여달라고 요구했다는 사실도 새롭게 확인됐습니다. 최근 5년간 해경 8개 항공대의 야간비행 임무는 전체 출동의 12%에 달하지만, 조종사들이 까다로운 야간 비행을 연습할 수 있는 시뮬레이터는 단 한 대도 없습니다. [해경 OO항공대 전직 기장] ""군대는 (항공기의) 70%를 교육 훈련에 투자를 해요. 그런데 관에서는 그게 불가능하죠. 시뮬레이터로 대체할 수 있어야 하는데 그것도 없고…"" 지난 10년간 야간 해상 임무를 하다 순직한 해경 대원은 모두 12명입니다. MBC 뉴스 김유나입니다.",1,1,NULL,2022-04-29,,
MBC,사회,"경로당만 골라 턴 절도범‥""비밀번호 적힌 공금통장이 목표""","사회적 거리두기가 해제되면서 경로당도 속속 문을 열고 있는데요. 한밤중에 경로당을 돌면서 1천6백만 원어치의 금품과 현금을 훔친 남성이 경찰에 붙잡혔습니다. 이 남성이 경로당을 노린 이유가 따로 있었는데요. 임지은 기자가 취재했습니다. 리포트 칠흑같이 어두운 카페 사무실로 한 남성이 들어옵니다. 손전등을 켠 채 사무실 이곳저곳을 뒤지던 남성은 계산기에서 지폐 한 뭉텅이를 들고 사라집니다. [김서연/카페 주인] ""뒤에서 창문으로 2층에서 뛰어 내려와서 여기로 (들어왔어요.)"" 경찰에 붙잡힌 20대 남성은 지난해 6월부터 열달동안 카페와 상가, 경로당 등 30여 곳에서 금품 1천 6백만 원 어치를 훔친 것으로 드러났습니다. 특히 문단속이 허술한 경로당을 20곳가량 집중적으로 돌았습니다. [김계환/절도 피해 경로당 회장] ""그러니까 만약에 나 혼자 있을 때 또 그런 일이 없다고는 보장을 못 하잖아요. 그니까 무서우니까 항상 가슴이 두근거리지."" 경로당에서 이 남성이 주로 노린 건 다름 아닌 어르신들이 함께 사용하는 공금 통장이었습니다. ""범인은 비밀번호가 적혀있는 경로당 공금 통장만을 골라 현금을 인출했는데, 어르신들이 통장 비밀번호를 잘 잊어버린다는 사실을 악용해 경로당을 노려 상습적으로 절도 행각을 벌인 겁니다."" [김진숙/절도 피해 경로당 회장] ""절도범이 이걸 사용해서 비밀번호를 사용해서 인출할 줄은 전혀 몰랐다… 절도를 당하고 보니까 여기에 비밀번호가 있는 거야."" 남성은 생활비 마련을 위해 범행을 저질렀다고 진술했는데, 경찰은 이 남성에 대해 구속영장을 신청했습니다.",2,0,"도둑은 임꺽정이 표준이다. 얼간아 도둑질해도 좀 대담하게 해라 요 좀도둑아 경로당이 뭔주나 아냐? 네애비에미 주머니 털어라 빙신아!,2022-04-30",2022-04-29,,
MBC,사회,"""진료기록 삭제·수정 있었다""","앵커 지난달 코로나에 걸려서 입원 치료를 받던 13개월 아기가 숨지는 일이 있었는데요. 병원 치료 과정에서 의료진의 실수로 잘못된 약을 투약받은 정황이 확인돼서, 경찰이 수사를 벌이고 있습니다. 병원 측이 아기의 진료기록을 여러 차례 수정한 사실이 확인 되는 등 조직적인 은폐 의혹이 일고 있습니다. 박혜진 기자가 전해 드리겠습니다. 리포트 지난 달 11일. 코로나19 확진 판정을 받은 13개월 영아가 제주대 병원에 입원하자, 당직 의사는 오후 6시에 에피네프린 5㎎을 호흡기로 투약하라는 처방을 내렸습니다. 그런데 담당 간호사는 용량 그대로 혈관에 주사해버렸고, 적정 용량의 50배 넘는 약물을 투여 받은 영아는 다음 날 숨졌습니다. 그런데 간호사들이 작성한 의료기록지에 정맥주사 한 시간 뒤 이 사실이 그대로 적혔다가, 두 시간 뒤인 오후 8시 59분 당직 교수의 처방 내용이 삭제됐습니다. 그리고 영아가 숨진 뒤 2시간 뒤인 12일 오후 9시 13분에는 의사 처방과 간호사 처치 기록 등이 통째로 지워졌습니다. 의료기록 수정은 없었다던 병원 측은 언론 보도와 경찰 수사로 이 같은 사실이 알려지자, 뒤늦게 말을 바꿨습니다. [고동철 /제주대학교병원 홍보팀장] ""수정이 있었다는 것도 확인된 사항이고요. 이유나 사유에 대해서는 지금 수사진행 중이기 때문에‥"" 병원 측은 또 오류 투약 등에 의해 환자가 사망할 경우, 지체 없이 부서장은 물론 보건복지부에도 알려야하지만, 이 조치도 늦어졌습니다. [고동철/제주대학교병원 홍보팀장(어제, 기자회견)] ""시행 간호사는 즉시 동료와 수(간호사)선생에게 보고가 들어갔고요. 그 이후에 시간이 지연된 걸로‥"" 병원 측은 유족에게 의료 사고를 알린 시점도 아기가 숨진 뒤 2주 뒤인 지난 달 25일이라고 했지만, 유족은 그보다 일주일 뒤인 지난 1일에서야 알게 됐다고 밝혔습니다. 담당 의사가 지난 달 14일에 약물 과다투여 사실을 알았는데, 병원 집행부는 이틀 뒤인 16일에 보고받았다고 밝힌 점도 의문입니다. 제주대병원은 제주 지역의 유일한 국립대학병원입니다. 경찰은 병원 상부의 의도적인 은폐 지시가 있었는지 확인될 경우 관련자들을 추가로 입건할 방침입니다.",0,16,"어린 아이가 이런 의료 사고로 세상을 떠나다니 너무나도 가슴이 아프다. 의료진들의 더욱 철저한 진상 조사가 필요하겠다.,2022-05-01/힘내서 소고기사먹고 강의1분도 안하고 2년간 받아온 6600만원으로 기분좋다고 소고기사먹겠죠.소고기 사먹으면 뭐할까요.또 힘내서 강의1분도 안하고 2년간 받아온 6600만원으로 기분좋다고 소고기사먹겠죠.소고기 사먹으면 뭐할까요.또 힘내서 강의1분도 안하고 2년간 받아온 6600만원으로 기분좋다고 소고기사먹겠죠. 또...,2022-04-30",2022-04-29,,
MBC,사회,상가 지하 정화조에서 '쾅'‥ CCTV 속 폭발 현장,"앵커 서울의 한 아파트 상가 지하에 설치된 정화조에서 폭발 사고가 발생해서, 정화조를 청소하던 노동자 두 명이 2도 화상을 입었는데요. 연기가 건물 꼭대기 층까지 차오르면서 수업을 받던 어린 학생들이 대피하기도 했습니다. 이유경 기자가 전해 드리겠습니다. 리포트 어젯밤 9시쯤, 서울의 한 아파트단지 상가. 지하 3층 창고에서 먼지바람이 크게 일며 연기가 나고, 사람들이 하나 둘 도망쳐 나옵니다. 작업복을 입은 남성이 절뚝거리며 현장을 오가더니 어디론가 전화를 겁니다. 다른 남성은 바지 앞부분이 다 탔습니다. 같은 시각, 지하 1층 수퍼마켓에선 갑자기 천장에 달린 홍보물이 흔들립니다. 입구를 비춘 폐쇄회로 화면이 떨리더니 종이들이 옆으로 날리고 벽재가 기울어집니다. 상가 지하 3층에 있던 정화조 청소 작업이 진행되던 중, 갑자기 폭발사고가 발생한 겁니다. 이 사고로 작업자 한 명이 전신에, 다른 한 명이 얼굴에 2도 화상을 입었습니다. [건물 관계자] ""갑자기 바람이 밖으로 나가다가 확 당겨 들어오면서 '빵'하더라고요. 그래서 가스가 터졌나‥"" 강한 폭발의 충격으로 정화조 옆 천장재가 부서졌고, 바로 옆에 있는 철문은 움푹 패인 모습입니다. 폭발과 함께 불까지 났는데, 연기가 계단을 타고 6층 태권도장까지 퍼졌습니다. 밤늦게 수업을 듣던 학생들은 연기를 피해 다급하게 옥상으로 대피해야 했습니다. 경찰과 소방당국은 사고 당시 정화조에서 많은 양의 메탄가스가 발생하면서 폭발사고가 난 것으로 보고 있습니다. 밀폐 공간인 정화조에선 특히 날씨가 더워질수록 미생물이 번식하면서 유해가스가 더 발생할 우려가 있습니다. 그래서 산업안전기준규칙에선 폭발이나 질식 위험이 높은 정화조에서 작업을 할 때 메탄가스 농도 등을 미리 측정해 사고를 예방하도록 하고 있습니다. 경찰은 작업자들을 상대로 관련 규정을 제대로 지켰는지 조사하는 한편, 현장 주변에서 담배꽁초로 추정되는 물체를 확보해 연관성을 조사하고 있습니다. MBC뉴스 이유경입니다.",0,1,NULL,2022-04-29,,
MBC,사회,"검찰, '상품권·골프장 편의' 현직 경찰서장 기소","골프장 대표에게서 상품권과 예약 편의를 제공받은 현직 경찰서장과, 골프장을 회원가로 할인받고 수사 정보를 넘겨준 현직 경찰관이 재판에 넘겨졌습니다. 인천지방검찰청 외사범죄형사부는 인천경찰청 소속 현직 경찰서장을 뇌물수수 혐의로, 인천 서부경찰서 소속 경찰관을 공무상 비밀누설과 수뢰 후 부정처사 혐의로 각각 기소했습니다. 해당 서장은 재작년 10월부터 넉 달 동안 인천 경서동의 한 골프장 대표에게서 1백만 원어치 상품권을 받고, 두 차례에 걸쳐 골프장 예약 편의를 받은 혐의를 받고 있습니다. 당시 같은 경찰서 정보관이었던 경찰관은 지난 2019년 3월부터 지난해 6월까지 이 골프장에서 25차례 예약 편의를 제공받고, 비회원임에도 회원가로 골프를 친 뒤 골프장 관련 수사 정보를 유출한 혐의를 받고 있습니다. 앞서 이 골프장에 근무하는 49살 임원은 재작년 12월 음주운전을 하다 사고를 낸 뒤 잠들었다가 경찰에 적발됐는데, 경찰의 음주 측정을 거부하고 체포 확인서를 손으로 찢는 등 난동을 피웠습니다. 이후 골프장 임원은 부하 직원을 시켜 사고 차량의 블랙박스 메모리칩을 제거했고, 경찰에는 ""술을 먹고 차에서 졸았을 뿐 음주운전은 하지 않았다""고 진술했습니다. 당시 경찰은 이 주장을 받아들여 단순히 공문서를 찢은 혐의만을 적용해 검찰에 넘겼습니다. 보완수사에 나선 검찰은 블랙박스의 메모리칩이 제거된 것을 확인하고 이들이 관할 경찰서에 편의를 제공한 정황을 포착해 청사 압수수색 등 강제 수사를 벌여 왔습니다. 해당 경찰서장은 ""골프장 감사가 음주측정을 거부한 것만으로도 혐의 적용이 가능하다고 봤지만, 사건 담당자가 '법원 판례상 운전을 입증할 수 없으면 불송치해야 한다'고 주장해 그렇게 했다""며 ""부적절한 접대를 받지 않았다""고 주장했습니다.",0,0,"검사의 수사권이 없었으면 묻힐뻔한 사건이었구만.,2022-04-30",2022-04-29,,
MBC,사회,"614억 횡령' 은행원 동생도 체포‥""해외 골프장 투자""","앵커 우리은행에서 벌어진 6백억대 횡령 사건과 관련해서, 경찰이 돈을 빼돌린 직원에 이어서 해당 직원의 친동생까지 체포를 했습니다. 경찰은 동생의 해외 부동산 사업에 빼돌린 돈이 들어간 것으로 보고 수사를 이어가고 있습니다. 윤수한 기자가 취재했습니다. 리포트 6백억 원대 초대형 횡령 사건이 발생한 서울 중구의 우리은행 본점. 기업개선부 차장급 직원인 전 모 씨가 경찰에 자수한 지 하루 만에, 전 씨의 동생도 어젯밤 긴급체포됐습니다. 경찰이 전 씨를 상대로 빼돌린 돈의 사용처를 추궁하던 과정에서, 동생의 공범 혐의를 포착한 겁니다. 전 씨는 ""횡령금 일부를 선물-옵션 등 고위험 금융상품에 투자했고, 나머지는 동생의 사업에 투자했다""고 진술한 것으로 확인됐습니다. 빼돌린 돈에서 상당한 액수가 동생의 사업에 들어갔다는 건데, 해외 골프장 개발과 관련된 사업인 것으로 전해졌습니다. [우리은행 관계자] ""(동생은) 저희 직원도 아니고 전혀 알 수가 없죠. <같이 고소하신 건 아닌 거죠?> 그럼요."" 이들 형제는 지난 2012년부터 3차례에 걸쳐, 은행 직원인 형의 주도로 은행 돈 614억 5천여만 원을 빼돌렸습니다. 빼돌린 돈 대부분은, 과거 대우일렉트로닉스 매각에 참여한 이란 가전업체에 우리은행이 돌려줘야 할 계약금이었습니다. 경찰은 사라진 돈의 행방을 추적해 범죄수익을 환수할 계획이지만, 이미 전 씨가 마지막으로 돈을 인출한 시점이 4년 가까이 지나 환수 여부는 불투명합니다. 경찰은 전 씨에 대해 구속영장을 신청하고, 동생에 대해서도 영장 신청 여부를 검토하고 있습니다. 금융감독원은 4대 시중은행인 우리은행에서 장기간 수백억 대 횡령이 발생했는데도, 찾아내기는커녕 '적합' 판단을 내려온 회계법인 두 곳에 대해 감리에 착수했습니다. MBC 뉴스 윤수한입니다. 영상편집: 이상민",1,6,"300억 횡령 하면 형량 5ㅡ8년 나온다고 합니다 이러니 횡령 사건이 계속 나오죠,2022-04-29",2022-04-29,,
MBC,사회,"중수청 설립 미뤄지면‥""검찰 수사권 그대로 보존""?","앵커 중대범죄수사청에 대한 법안 논의가 민주당 단독으로 시작이 되면서, 벌써부터 어려움이 예상되고 있습니다. 검찰의 수사권을 넘겨받을 중수청 설립이 미뤄지면 미뤄질수록, 검찰의 수사기능을 줄여나가겠다던 원래의 취지가 무색해질 거다. 이런 우려가 나오고 있습니다. 양소연 기자가 짚어봤습니다. 리포트 당초 박병석 국회의장의 중재안에서, 중대범죄수사청을 1년 6개월 안에 설치하기로 한 시한은 의미가 없어졌습니다. 검찰 내에선 벌써부터 ""국회 사법개혁특위 논의가 순탄했던 적이 없었다."" ""중수청 설립은 어려울 거""란 말이 나옵니다. 어렵게 중수청을 설립해도, 제 역할을 할지 부정적으로 전망합니다. 한 검찰 간부는 ""고위공직자범죄수사처 사례를 봐라, 태어나자마자 뛸 수 있겠냐""며 ""수사역량을 갖추는 데 10년은 걸릴 거""라고 전망했습니다. [김오수/검찰총장] ""갓 출범한 중수청이 70년 역사의 검찰 수사 역량을 따라잡을 수 있겠습니까. 필시 공백이 생길 것입니다."" 현재 국회에 발의된 법안들에선 중수청 수사 담당자의 명칭은 '수사관'입니다. 검찰 내에선 ""검사들이 '수사관' 직함 자리에 절대 안 갈 거다"" ""여러 기관 인력들을 모아 바로 성과를 내기 어렵다""는 말이 나옵니다. 중수청 설립이 늦어지거나 차질을 빚으면, 검찰의 직접수사 대상으로 남은 부패와 경제 범죄는, 계속해서 검찰이 수사하게 됩니다. 한 검찰 출신 변호사는 ""1년에 대형참사나 방위산업 비리가 몇 건이나 되냐""고 되물었습니다. 사실상 검찰이 선거와 공직자 범죄 말고는 직접 수사권한을 크게 뺏기지 않았단 겁니다. 이 때문에 경찰의 수사구조 실무 관계자는 ""중수청이 제대로 설립되지 않으면 현재 법안은 검찰 수사권 박탈이 아니라 검찰 수사권 보존""이라고까지 우려했습니다. '민주사회를위한변호사모임'도 ""법안이 정치적 계산에 의해 훼손됐다""며 ""국회가 수사와 기소 분리 원칙을 지키면서 경찰을 통제할 로드맵을 제시해야 한다""고 지적했습니다. MBC뉴스 양소연입니다.",1,6,"자리가 사람을 만든다
직책이란 것 .... 검사 아니라도 전문 직종의 일이란 것은 1년이상 종사하면 경험치가
자연 스럽게 쌓여져 간다 .내 경험에 의하면
그래서 검사가 아니더라도 그자리의 직책이 주어지면 그 자리에서 형평에 맞추어
자신에게 주어진 임무를 충실히 수행 할 수 있는 능력이 갖추어진다.

그러니 검사만 해야 한다는 것은 기우일 뿐이다.
이 또한 사람이 할 뿐이다.,2022-04-30/구데기 무서워서 장 못담그나. 왜 벌써 안된다고 생각들을 하나. 서로 잘할수 있다 라는 생각으로 서로 노력하면 충분히 중수청 기능을 하고도 남는다. 지금 검찰은 너무 비대하다. 권력이란게 서로 견제를 해야 비리가 안생긴다.
지금껏 검사들이 얼마나 비리가 많나. 경찰 100만원 받아도 구속되고 파면된다. 일반 공무원들 술접대 100만원만 받아도 구속되고 공직에서 짤린다. 그런데 검사,판사는 수억 받아도 댓가성이 없다 무죄나고 술마시고 사람 두둘겨 패도 심신미약으로 무죄나고 음주운전 사고나도 무죄난다. 이게 공정인가.,2022-04-29",2022-04-29,,
MBC,사회,줄서고 싸우고‥마스크 '우여곡절' 2년,"앵커 2020년 1월 20일, '코로나 방역 마스크'가 처음 등장한 곳은 인천국제공항입니다. 그 이후로 2년. '마스크' 하나를 사려고 밤을 새고, '왜 안 쓰냐'고 서로 싸우기도 하고, 그동안 참 여러 가지 풍경이 벌어졌습니다. 마스크를 둘러싼 지난 우여곡절을 정혜인 기자가 돌아봤습니다. 리포트 감염력도, 증상도, 정확히 알려지지 않은 '깜깜이' 바이러스. '호흡기 전염병'이라는 말에 할 수 있는 건, 마스크를 쓰는 것뿐이었습니다. 사람들은 마트로, 약국으로, 달려갔습니다. 매점매석 세력이 활개를 치기 시작했습니다. 1장당 2-300원이던 KF94 마스크 가격은 5천 원까지 올랐습니다. [정부 합동단속반 (2020년 2월 7일)] ""이거 뭐예요, 사장님?"" 의료기관에서조차 마스크를 구하기 어렵다는 호소가 나오자, 보건당국은 ""일반인은 마스크를 안 써도 된다""고 발표합니다. [뉴스데스크 앵커멘트 (2020년 2월 12일)] ""보건당국과 의료계가 지침을 내놨는데요. 일단 장 보러 집앞 슈퍼마켓에 잠깐 나가실 때는 쓰지 않아도 된다고 합니다."" 국내 첫 사망자, 신천지발 집단 감염에 공포는 극에 달했습니다. 밤새 마트 앞에 아예 자리를 깔고 누운 사람부터 방독면을 쓰고 나온 사람까지. 수백미터 줄이 대형마트를 둘러쌌습니다. [김사인 (2020년 2월 4일, 대구)] ""개장 1시간 전쯤부터 기다려가지고 줄을 30~40분 기다려서 샀는데.."" 정부는 태어난 연도 끝자리에 따라 약국에서 한 사람당 2장만 살 수 있는 '마스크 5부제'까지 꺼내들었습니다. [약사 (2020년 3월 9일)] ""57년이면 안 돼요. 해당 날에 (오세요)."" 5월 말, 버스나 택시 등 대중교통에서 마스크 착용이 의무화되면서 기사들의 수난이 시작됐습니다. [버스 기사 (2020년 5월 29일)] ""(마스크를 쓰랬더니) 안 되겠다. 너 나한테 맞아야겠다."" [버스 기사 (2020년 8월 19)] ""(자꾸 욕하시고. 마스크도 착용 안 하시고.) 다 우리 마스크 썼잖아 XX야. 너 신고해봐 XX야. 너 버스기사만큼은 내가 못하게 해줄게."" 코로나와 함께 맞이한 첫 여름은 유난히 더웠습니다. 이어지는 폭염 특보에 '턱스크'가 출몰했습니다. [뉴스 투데이 방송 (2020년 8월 24일)] ""<마스크 안 쓰셨는데.> 아니요."" 결국 마스크 미착용자에 과태료를 부과하기 시작했습니다. [박능후 / 전 보건복지부 장관 (2020년 10월 4일)] ""망사형이나 밸브형 마스크 또는 스카프 등의 옷가지로 얼굴을 가리는 것은 마스크 착용으로 인정하지 않습니다."" 곳곳에서 난투극이 벌어졌습니다. [편의점 주인] ""'네까짓 게 뭔데 마스크를 착용하라 마라냐'"" 코로나는 쉽게 끝나지 않았고, 마스크는 일상이 됐습니다. 각종 패션 마스크에 '마스크 쓴 얼굴이 맨얼굴보다 낫다'는 뜻의 '마기꾼'이란, 웃지 못할 용어도 등장했습니다. [오나미('라디오스타' 방송)] ""마스크 광고주가 오나미 아니면 안 된다. 마기꾼이 아니라 저한테는 그냥 사기꾼이라고"" '써야한다, 벗어야 한다'를 거듭해온 2년, 다시 마스크를 벗고 바깥 공기를 마실 수 있게 됐습니다. MBC뉴스 정혜인입니다. 영상편집: 송지원",1,0,"그래서
언제 벗는대?,2022-04-30",2022-04-29,,
MBC,사회,돌아온 야외 축제·경로당 문도 활짝‥일상회복 '체감',"앵커 야외 축제도 3년 만에 다시 시작됐습니다. 다음 주면 마스크 없이 즐길 수 있겠죠. 코로나로 잘 만나지 못했던 어르신들도 오랜만에 경로당에 모였습니다. 그저 일상이었는데, 떠났다 돌아오니까, 새삼 소중하네요. 김세영 기자입니다. 리포트 60만 제곱미터의 광활한 공원에 심어진 50만 송이의 다채로운 꽃들. 나비들의 화려한 날갯짓에 시민들은 눈을 떼지 못합니다. 대표적인 지역 축제인 함평 나비축제가 3년 만에 돌아왔습니다. 오랜만의 봄 축제를 즐기러 나온 시민들은 다음 주면 야외에서 마스크까지 벗을 수 있다는 소식에 더 설렙니다. [김성은] ""꽃도 많고 사람들도 많고 날씨도 시원·선선하니 좋아서 너무 좋습니다."" ""함께라는 게 나는 좋아~~"" 2년여 만에 야외 행사가 열린 서울광장. 일주일 전만 해도 덩그러니 선별진료소만 있던 곳에, 책을 읽고 휴식을 취하며 광장을 즐기는 시민들이 돌아왔습니다. 마음은 벌써부터 여행지로 향합니다. [이우경(30살)] ""지금 너무 들뜨고 막 여행 갈 곳 지금 알아보고 있거든요. 그래서 설레는 마음이에요."" 활기는 실내 시설들에서도 느껴졌습니다. 오미크론 유행으로 두 달 넘게 닫았던 전국의 경로당들도 이번 주부터 다시 문을 열었습니다. 장기간의 고립으로 우울감을 호소했던 어르신들은 웃음을 되찾았습니다. [한규순] ""<못 만나실 때는 어떠셨어요?> 사는 게 사는 게 아닌 것 같았죠, 솔직히. 그렇잖아. (우울증 걸려 막.)"" 그래도 한편으로는 여전히 걱정스럽습니다. [류근덕] ""(마스크를) 벗는다 하니까 반갑기는 한데 얼른 벗을 생각은 없어요."" ""네 예약 확인되셨습니다. 감사합니다."" 다음 주까지 예약이 꽉 찬 스크린 골프장입니다. 이번 주부터 실내 체육시설에서도 마스크를 벗고 음식을 먹을 수 있게 되면서 손님이 몰리고 있습니다. [박영지] ""전에는 왜 먹지도 못하고 그냥 와서 골프만 치고‥ 같이 먹을 수 있다는 게 너무 좋아요."" 마스크 전면 착용 후 수요가 줄었던 화장품 가게에도 손님들이 몰려들기 시작했고 배달기사 등 밖에서 일하는 노동자들도 이번 조치를 반겼습니다. MBC 뉴스 김세영입니다.",7,2,NULL,2022-04-29,,
MBC,사회,드디어 벗는다‥'마스크 해방의 날',"드디어 벗는다 만세
다른나라보다 늦게 푼거니까 징징대지 마라,2022-04-30/나는 이번정권이 코로나 위기 극복은 잘 대처했고 못한건 없다고 생각하는 사람이다. 하지만 이번정권을 올게 보지않는 사람들도 많으니 자화자찬은 하지말았어야 했고 아직도 몇만명씩 걸리고 있는 중인데 마스크 해제는 임기내에 업적으로 하려는 의도가 너무 보이기 때문에 반감을 살수밖에 없다고 생각한다. 마지막까지 줄곧 해왔던 행보처럼 국민만 생각하는 정치를 펼쳤어야 했는데 마지막이 업적을 쌓으려는 모습인것 같아 매우 아쉽다. 코로나 극복이라는 위대한 업적의 마침표를 다음정권에 빼앗기지 않고 찍고싶은것은 이해하지만 끝까지 국민을 생각하지..,2022-04-30/해방의날????이아니라 더 지옥으로 가는길이겠지,2022-04-30/나는 1800만이 코로나 걸려도 아래와같이해서 코로나 안걸렸다 전염병은 안걸리는것이 장땡이다 나처럼해라 모든실내에서 마스크벗지않았다 실내에서 샤워할때도 마스크쓰고했다 마스크벗고 먹고 마시고 양치질하고 세수하는것은 코로나밀도없는 야외공기중에서했다 실내에서 어쩔수없이 마스크벗을때는 숨쉬지않고 마스크를 한손으로 들고있다가 다시 마스크로 코입막고 숨쉬었다,2022-04-30/최악의 국민 기만 정책이었다
개 돼지들 입에 머구리 채워 입막음 해서 반대 집회 원천 봉쇄하고
경제 박살내고 혈세 낭비로 국민들 빗만 천문학 적으로 올린
머구리 정책,,2022-04-30/해방같은 소리하고 있네.. 코로나 걸린 사람도 벗고 다닐걸 . 어차피 권고니깐.
백신 3차 접종두 했고. 보건복지부 장관 코로나 걸렸다고 하더만,2022-04-30",0,0,"드디어 벗는다 만세,2022-04-30/나는 이번정권이 코로나 위기 극복은 잘 대처했고 못한건 없다고 생각하는 사람이다. 하지만 이번정권을 올게 보지않는 사람들도 많으니 자화자찬은 하지말았어야 했고 아직도 몇만명씩 걸리고 있는 중인데 마스크 해제는 임기내에 업적으로 하려는 의도가 너무 보이기 때문에 반감을 살수밖에 없다고 생각한다. 마지막까지 줄곧 해왔던 행보처럼 국민만 생각하는 정치를 펼쳤어야 했는데 마지막이 업적을 쌓으려는 모습인것 같아 매우 아쉽다. 코로나 극복이라는 위대한 업적의 마침표를 다음정권에 빼앗기지 않고 찍고싶은것은 이해하지만 끝까지 국민을 생각하지..,2022-04-30/해방의날????이아니라 더 지옥으로 가는길이겠지,2022-04-30",2022-04-29,,
MBC,사회,"검찰, '계곡 살인' 이은해·조현수 도피 조력자 2명 체포",'계곡 살인' 사건 피의자 이은해와 조현수의 도피를 도운 조력자 2명이 검찰에 붙잡혔습니다.,0,0,다른나라보다 늦게 푼거니까 징징대지 마라,2022-04-29,,
MBC,사회,[영상M] 주차요원인 줄 알았는데‥30초 만에 차량 털이,"사흘 전인 지난 26일 낮, 경기도 용인시 처인구의 한 마트 앞 도로. 흰색 승용차가 서더니, 운전자가 내려 종종걸음으로 마트 안에 들어갑니다. 그러자 곧바로 한 중년 여성이 차량 뒤편에서 다가옵니다. 이 여성은 노란색 후드 조끼를 입고 한 팔에는 검은색 큰 가방을 맸습니다. 언뜻 주차요원처럼 보이는 이 여성, 운전석 쪽으로 가 허리를 숙이고 한참을 기웃거립니다. 그러더니 갑자기 빠르게 조수석으로 걸어가, 자연스럽게 차 문을 열고 차량 안에 있던 무언가를 빼냅니다. 이어 훔친 물건을 손에 들고 주변을 의식하지도 않은 채 천천히 길을 건너 반대편 차선 쪽으로 사라집니다. 운전자가 마트에 들어간지 30초 만에 벌어진 일입니다. 경기 용인동부경찰서는 절도 혐의로 이 여성을 쫓고 있습니다. 약 50만원 상당의 가방 등을 훔쳐 달아난 혐의입니다. 경찰 관계자: ""운전자가 차문을 안 잠그고 잠시 마트에 간 사이 한 중년 여성이 조수석에 있던 가방을 훔쳐 달아났습니다. 50-60대 여성으로 추정되는데, CCTV 등을 토대로 용의자를 추적하고 있습니다. 인근 상점에 소속된 직원은 아닌 것으로 확인됐습니다"" 피해자: ""마트에 들어갔다 나온지 3분 밖에 안됐는데 가방이 없어졌더라고요. 가방에 지갑이랑 신분증, 공인인증서까지 있는데 신분 도용까지 걱정하고 있어요.""",0,2,NULL,2022-04-29,,
MBC,문화,10년 만에 다시 온 팀 버튼의 특별한 선물,"앵커 영화 '가위손', '크리스마스의 악몽', '이상한 나라의 앨리스'까지.. 세계적인 영화 거장이죠, 팀 버튼 감독이 10년 만에 한국을 찾았습니다. 영화가 아니라 전시회를 위해서 왔는데요. 10년 전 서울에서의 경험이 놀라웠다면서, 월드 투어 전시의 첫 도시로 한국을 선택했다고 합니다. 조국현 기자가 직접 만나봤습니다. 리포트 서울 창덕궁 후원의 풍경을 카메라에 담고 있는 사람. 영화감독 팀 버튼입니다. 10년 전 한국에 처음 왔던 팀 버튼. 당시 광장시장의 빈대떡에 매료됐던 그는 이번엔 창덕궁에 푹 빠졌습니다. 새로운 곳을 산책하며 영감을 얻는다는 그에게 조선의 궁궐은 환상적이었습니다. [팀 버튼/영화감독] ""거룩함과 함께 평화로우면서도 활기가 넘치는 분위기를 느낄 수 있어 제게는 완벽했어요. 여러 가지 영감이 떠올라 인상이 깊었습니다."" 한국의 문화 콘텐츠도 즐겨 본다는 그에게 <기생충>과 <오징어 게임>을 봤느냐고 물어봤습니다. [팀 버튼/영화감독] ""한국엔 예술적 재능이 있는 사람들이 정말 많다고 생각해요. 그 재능이 빛을 발해 <기생충>과 같은 영화가 세계적으로 유명하게 된 거죠."" 하나의 습작이 영화로 이어지는 과정을 보여주고 싶어 한국을 다시 찾았다는 팀 버튼. 특별히 자신의 작업 공간을 재현했습니다. [팀 버튼/영화감독] ""실제 사무실은 이거보다 더 지저분해요. 물건들도 바닥 곳곳에 가득하고요."" 30년이 흘러도 명작으로 남은 영화 <가위손>도 쭉 찢은 수첩 위에서 시작됐습니다. 영화라는 큰 그림을 그리기 위한 밑그림들이 전시장 가득 펼쳐집니다. [팀 버튼/영화감독] ""많은 작품은 그림을 그리는 것에서 시작합니다. 그게 때로 영화가 되고, 애니메이션이 되죠."" 기괴하고 공포스러운 외양과는 달리 순수함을 지니고 있는 그의 작품 속 캐릭터들. 문득 기발하고 풍부한 상상력의 원천이 궁금해졌습니다. 스스로 몇 살이라 생각하는지 묻자, '어린이'라는 답이 돌아왔습니다. [팀 버튼/영화감독] ""어린이의 눈으로 보면 당신이 보는 모든 것이 크고 새로워요. 또 난생처음 보는 것처럼 느낄 수도 있죠. 저는 아이의 시선이 창조의 과정에서 굉장히 중요하다고 봐요."" 전시가 열릴 동대문디자인플라자가 '갓 착륙한 우주선' 같다며, 그는 우주선에 어울릴 조형물을 한국인들을 위한 선물로 가져왔습니다. [팀 버튼/영화감독] ""저는 제 자신을 위대한 예술가라고 생각하지 않습니다. 다만 제 경험이 사람들에게 영감을 줄 수 있다면, 그건 가장 흥분되는 일입니다."" MBC뉴스 조국현입니다. 영상취재: 이종혁 김준형 / 영상편집: 양홍석",6,0,NULL,2022-04-29,,
MBC,문화,"[문화연예 플러스] 영화 <영웅본색>의 '증강', 격리 중 사망","홍콩 영화 '영웅본색'으로 주윤발과 자주 호흡을 맞추며 우리에게도 얼굴을 알린 배우죠. 홍콩 배우 '증강'(케네스 창)이 격리 중 여든일곱살의 나이로 숨졌습니다. 증강은 여행을 마치고 홍콩으로 돌아와 호텔에서 4일째 격리하던 중이었는데요. 전날 코로나19 검사에서 음성 판정을 받았지만 다음날 경찰이 그의 시신을 발견했다고 합니다. 현재 홍콩의 방역 지침은 음성이 나와도 지정된 호텔에서 7일 동안 격리해야 하는데요. 그가 격리 중 사망했단 소식이 알려지자 애도의 뜻을 전하는 가운데 고령자는 재택 격리나, 보호자 동반 격리를 해야 한다며 '인간적'인 격리를 요구하는 여론이 홍콩에서 일고 있다고 하네요.",0,0,NULL,2022-04-29,,
MBC,문화,[문화연예 플러스] '개구쟁이' 그림으로 재탄생하다,"밴드 산울림의 김창완이 만든 '개구쟁이'죠. 신난 개구쟁이의 모습이 떠오르기도 한데요. 이 개구쟁이가 이번엔 그림 속으로 들어갔다고 합니다! 어린이날 100주년을 맞아 김창완의 '개구쟁이'가 그림책으로 다시 태어났습니다. 김창완이 글을 쓰고, 그의 오랜 팬이 그림을 그려 엮었다는데요. 1979년 산울림이 발표한 '개구쟁이'는 지금까지도 사랑받는 인기곡이죠. 발매 당시 김창완이 직접 그린 앨범 사진을 그림책 표지에 그대로 사용했다는데요. 김창완은 이 그림책이 ""어린이에게 내미는 손이자, 어린 시절 나에게로 가는 길이기도 하다""고 전했는데요. 노랫말처럼 공놀이와 고무줄을 하고 온 동네를 누비던 그때로 어른과 아이 모두를 동심의 세계로 안내하는 것 같네요.",0,0,NULL,2022-04-29,,
MBC,문화,"[문화연예 플러스] 미국 '올스타 글로벌 콘서트', 나윤선 초청","재즈 가수 나윤선이 현지시간 30일, '세계 재즈의 날'을 맞아 미국 '올스타 글로벌 콘서트'에 초대됐습니다. 올해로 두 번째, 공식 초청된 나윤선은 작년 'BTS'가 '퍼미션 투 댄스'를 선보였던 유엔 총회장 무대에서 노래할 예정인데요. 이 공연의 백미는 재즈로 인류의 평화를 도모한다는 '재즈의 날' 의미를 담아 존 레넌의 '이매진'을 전 출연자가 함께 연주하며 마지막을 장식하는 순간입니다. 올해는 특히 나윤선이 한국어로 노래를 선보인다는 점에 의미가 크네요. 현재 월드 투어를 진행 중인 나윤선은 오는 12월, 국내 전국 투어로 다시 돌아온다고 하네요. MBC 뉴스는 24시간 여러분의 제보를 기다립니다.",1,0,NULL,2022-04-29,,
MBC,문화,"외국인 어린이 제외' 표기 논란 일자‥문화재청 ""어린이날 고궁 무료입장""","문화재청이 어린이날 고궁과 조선왕릉 무료입장 대상자에서 '외국인 어린이 제외'라고 썼다 논란이 되자 이번 어린이날에는 모두 무료개방으로 바꾸기로 했습니다.

문화재청은 오늘 설명자료를 내고 ""내국인과 외국인에 대해 관람료를 다르게 받고 있었는데, 관련 규정이 문화적 다양성을 존중하는 사회적 추세를 반영하지 못하고 있다고 판단돼 체계를 정비할 예정""이라고 밝혔습니다.

앞서 문화재청 궁능유적본부는 어린이날에 만 12세 이하 어린이 동반 보호자 2인은 무료 입장을 허용한다고 밝히며, '외국인 어린이 제외'라고 표기해 차별 논란이 일었습니다.

문화재청은 ""만 24세 이하 한국인과 만 6세 이하 외국인에게 무료 입장을 해왔고, 한국 어린이날이라 한국 어린이의 보호자에게 혜택을 늘린 것""이라고 해명했습니다.

하지만 국내 인권단체들은 ""결국 외국인 어린이들을 보호자의 국적 등을 이유로 부당하게 차별하는 것""이라며, ""어린이는 국적과 인종에 무관하게 차별받아서는 안 된다는 유엔아동권리협약을 노골적으로 거스른 것""이라고 비판했습니다.",0,0,"그러게요. 소파 방정환 선생님께서 생존해 계시면 서운하셨을 것 같아요. ㅎ 하지만 표기가 꼭 틀렸다고 생각하지 않는데요. 알아보기는 살짝 힘들더라고요? 그런데요. 늘 궁금한 것이 있어요. 방정환 선생께서는 어린이의 정의를 평균 연령의 1/3을 지정하셨다고 하는데요. 이러면 어린이 나이를 높여야 하는 것 아닌가요? ㅎㅎ 앞으로는 100세 시대이니? 에... 33세까지 어린이 ^^ 어때요? ㅋ 아무튼, 어린이날 행사에 고등학생도 넣어 주세요. ㅎ,2022-04-29",2022-04-29,,
MBC,문화,모네·겸재 한자리에‥'어느 수집가의 초대',"앵커 고 이건희 삼성 회장이 미술품 2만 3천여 점을 기증한 지 1년이 됐는데요. 전국의 국공립 박물관 등에 흩어져 있던 기증품 350여 점이 한 자리에 모였습니다. 모네의 대표작 등 일반에 처음 공개되는 걸작들도 있는데요. 조국현 기자가 먼저 다녀왔습니다. 리포트 연못 위 유유히 떠있는 보랏빛 연꽃, 수면 위엔 구름이 내려와 앉은 듯합니다. 한 발 다가가보면 흰색과 녹색, 보라색이 오묘하게 어우러진 추상화의 느낌도 줍니다. 인상파를 창시한 클로드 모네의 1917년 작 <수련이 있는 연못>입니다. 말년의 걸작으로 국내에 처음 공개됩니다. 당시 백내장으로 시력을 거의 잃었던 일흔 일곱의 노화가. 색과 사물의 구별조차 어려웠는데, 최악의 상황은 역설적으로 최고의 작품을 탄생시켰습니다. [이수연/국립현대미술관 학예연구사] ""(시력 때문에) 디테일한 풍경의 묘사 같은 것이 많이 생략되어 있고 (그림이) 추상화되어 가는 과정을 보실 수 있을 겁니다."" '열두 살 때에 아버지가 병이 드니, 이슬을 맞아가며 기도해 병이 낫게 하였다.' 1814년 전남 강진에서 유배 중이던 다산 정약용이 남긴 글입니다. <정효자전>과 <정부인전>. 마을 사람의 부탁을 받아 그의 일찍 떠난 아들과 홀로 남은 며느리의 사연과 효심을 써내려갔는데, 곧고 단정한 정약용의 글씨체를 보여줍니다. [이재호/국립중앙박물관 학예연구사] ""(정부인전은) '여유당전서'에 실려 있지 않은 글이었기 때문에 정약용의 글 중에는 그 내용도 처음으로 소개가 되는 작품…"" 국보인 겸재 정선의 <인왕제색도>와, 이중섭의 <현해탄>, 18세기 조선 달항아리까지. 시대를 아우르는 걸작 355점이 선보입니다. 국보·보물만 33점입니다. 이건희 컬렉션은 이번 전시가 끝나면 전국 순회에 나섭니다. MBC뉴스 조국현입니다.",0,0,NULL,2022-04-28,,
MBC,문화,"[문화연예 플러스] 칸 영화제 심사위원장 '뱅상 랭동' 선정
입력 2022-04-28 07:22 | 수정 2022-04-28 07:22",올해 칸 영화제 심사위원장에 프랑스 배우 '뱅상 랭동'이 선정됐습니다.,0,0,NULL,2022-04-28,,
MBC,문화,"[문화연예 플러스] 정태춘, '아치의 노래' 영화로 찾아오다","문화연예 플러스입니다. 노래하는 음유시인이자 한국적 포크의 살아있는 전설로 평가받죠. 가수 정태춘 씨가 활동 40주년을 담은 영화, '아치의 노래'로 찾아옵니다. 다큐멘터리 형식으로 구성된 영화는 '시인의 마을', '촛불' 같이 시적인 노래에서 '92년 장마 종로에서'처럼 사회적인 내용을 담은 곡까지 그의 모든 음악 여정을 담고 있는데요. 거리에 나와 노래로 많은 이들을 위로하던 모습은, 28곡의 이야기가 되어 영화로 펼쳐진다고 합니다. 정태춘은 이번 영화를 통해, ""나한테 노래는 일기였다""며 하고 싶은 말을 노래로 해왔다고 전했는데요. 10년 가까이 창작 활동을 중단했던 정태춘은 시사회에선 ""최근 다시 작곡 작업에 들어갔다""며 ""한 달 새 8곡을 썼다""고 웃었습니다. '7080세대'에게 진한 추억 여행을 떠나게 할 '아치의 노래, 정태춘'은 다음달 18일 개봉합니다. MBC 뉴스는 24시간 여러분의 제보를 기다립니다.",1,0,NULL,2022-04-28,,
MBC,문화,이건희 컬렉션' 1주년 기념전 내일 개막,국립중앙박물관과 국립현대미술관이 故 이건희 삼성 회장의 미술품 기증 1주년을 맞이한 대규모 전시를 엽니다. 국립중앙박물관 등은 내일부터 8월 28일까지 '이건희 컬렉션' 기증 1주년 기념전인 <어느 수집가의 초대>를 기획전시실에서 개최한다고 밝혔습니다. 이번에 전시에서 공개되는 작품은 355점으로 지난해 특별전에서 선보인 135점보다 많아 훨씬 다양한 작품을 관람할 수 있습니다. 특히 클로드 모네가 만년에 그린 '수련이 있는 연못'이 국내 최초로 공개되고 '일광삼존상' 등 국보 13점과 보물 20점이 전시될 예정입니다.,3,8,NULL,2022-04-27,,
MBC,문화,궁중문화축전 다음 달 10일 개막‥청와대 권역 개방,"문화재청은 다음 달 10일부터 13일간 5대 궁궐과 종묘·사직단 일대에서 '2022 봄 궁중문화축전'을 개최합니다. 2015년 궁중문화축전이 시작된 후 처음으로 청와대 권역에서 다양한 공연과 체험행사가 진행될 예정입니다. 문화재청은 다음 달 10일 오전 경복궁 후원에서 개문 행사를 열고, 해설사와 함께 침류각·수궁 터 등 역사 유적을 돌아보는 '경복궁 후원 문화유산 탐방' 등을 진행합니다. 경복궁 후원 행사에 참여하려면 사전에 온라인 플랫폼으로 관람 신청을 해야 합니다. 문화재청은 작년에는 코로나19 확산으로 무관객으로 개막제를 진행했지만, 올해는 경복궁 흥례문 광장에서 관람객을 초청해 역귀를 쫓는 전통의식인 '구나'를 재해석한 개막제를 열 계획입니다. 또 궁중문화축전 기간에 열리는 창덕궁 달빛기행과 경복궁 생과방, 덕수궁 밤의 석조전 등 행사는 오는 29일 오후 인터파크티켓에서 신청이 가능합니다.",0,0,NULL,2022-04-27,,
MBC,문화,"[문화연예 플러스] 내 손안에 박물관, 'AR 뮤지엄'","코로나19 여파로, 박물관이나 미술관 나들이에 망설이는 분들을 위해 서울시가 내 손안에 박물관 'AR 뮤지엄'을 열었습니다. 증강현실인 'AR'과 3D기술을 활용해 작품 하나하나를 마치 눈앞에 있는 것처럼 3차원으로 세세히 보여주는데요. 스마트폰으로 서울 'AR뮤지엄' 홈페이지 주소에 접속하면 사립 박물관과 미술관 9곳의 회화와 조각, 토기 등 소장품 100여 점을 한눈에 볼 수 있습니다.",0,2,NULL,2022-04-26,,
MBC,문화,"[문화연예 플러스] 싸이×BTS 슈가, '댓 댓'(That That)으로 '절친'","문화연예플러스>입니다. 싸이가 정규 9집 타이틀곡 '댓댓'(That That)의 맛보기 영상을 공개했습니다. 이번 곡을 위해 BTS '슈가'와 뭉쳤는데요. 서로를 향한 애정이 담긴 인터뷰 영상도 공개됐습니다. [슈가] ""절친 아닌 절친이 되어버려서‥"" [싸이] ""절친이라고 해주면 저야 땡큐죠."" 슈가는 ""싸이가 대선배라 긴장했는데 어릴 적 친구와 작업하듯 즐겁게 했다""고 소감을 남겼고요. 싸이 또한 ""후배들이 나를 어렵게 보지 않았으면 좋겠다, 진짜 친구 같았다‥ 나이 차가 전혀 느껴지지 않았다""며 훈훈함을 자아냈습니다. 슈가는 타이틀곡 '댓댓'의 작사, 작곡, 편곡에 참여했고요. 성시경, 크러쉬, 타블로, 화사 등 정상급 가수들이 이번 음반의 피처링에 대거 참여했습니다. 앨범은 이번주 금요일에 공개됩니다.",6,0,NULL,2022-04-26,,
MBC,문화,"[문화연예 플러스] 리틀엔젤스예술단, '창단 60주년' 공연 행사","어릴 적 유치원에서 '꼭두각시' 율동! 한 번쯤 해본 적 있으실 것 같은데요! 리틀엔젤스예술단의 창단 60주년 기념공연 '천사들의 비상'이, 다음 달 28일 서울 유니버설아트센터에서 열립니다. 세계인의 찬사를 받아온 '부채춤', '강강수월래', '꼭두각시' 같은 대표작 7편과 사물놀이 명인 김덕수의 '장고놀이' 등 전통문화예술의 백미를 선보일 예정입니다. 초·중등으로 구성된 리틀엔젤스 예술단은 1962년 창단해 오랜 전통을 이어왔는데요. 특히 '평양공연'과 '6·25전쟁 60주년 기념 UN 참전 순회공연' 등 문화예술로 평화와 화합의 장을 마련하기도 했습니다.",1,0,NULL,2022-04-26,,
MBC,문화,"[문화연예 플러스] ""드림콘서트, 3년 만에 대면 공연""","해마다 이맘때가 되면 열리는 K팝 대형 이벤트 '드림콘서트'가 오는 6월, 3년만에 대면 공연으로 찾아옵니다. 지난 2년 동안 코로나19로 인해 온라인으로만 진행됐었는데요. 올해가 벌써 28년째네요. 화려한 라인업과 연출로 국내를 넘어 해외 팬들에게도 감동을 선사하며 글로벌 문화축제로 성장한 만큼 한국 관광 활성화에도 기여할 것으로 기대됩니다.",1,0,NULL,2022-04-26,,
MBC,문화,"[문화연예 플러스] 스트레이 키즈, 북미 공연 매진‥'2회 추가'","문화연예 플러스입니다. 그룹 '스트레이 키즈'가 두 번째 월드투어의 북미 7회 공연을 초고속 매진시켰습니다. 팬들의 폭발적인 성원에 힘입어 2회 공연을 추가했는데요. 스트레이 키즈가 오는 6월 미국 뉴어크와 7월 로스앤젤레스 추가 공연을 결정해 글로벌 팬들의 환호를 받았습니다. 이번 월드투어는 오는 29일부터 사흘간 열릴 서울 공연을 시작으로 포문을 열게 되는데요. 스트레이 키즈는 지난 3월에 발매한 타이틀곡 ‘매니악'이 최근 빌보드 메인 차트인 ‘빌보드 200’, 1위 자리에 오르며 인기몰이 중인데요. 독창적인 퍼포먼스와 독보적인 무대 에너지로 전 세계의 팬심을 사로잡고 있네요.",2,0,NULL,2022-04-25,,
MBC,문화,[문화연예 플러스] 영화 '자백'‥이탈리아 우디네 영화제 폐막작 선정,소지섭과 김윤진이 출연한 영화 '자백'이 제24회 이탈리아 '우디네 극동영화제' 폐막작으로 선정됐습니다. 윤종석 감독 연출의 '자백'은 살인용의자 소지섭과 그의 무죄를 입증하려는 변호사 김윤진이 사건의 조각을 맞춰나가는 이야기입니다. 이탈리아 북부 소도시 우디네에서 열리는 '우디네 극동영화제'는 아시아 영화를 소개하는 유럽 최대 규모의 영화제로 매년 한국 영화를 비중 있게 소개하는데요. 영화제는 오는 30일까지 진행됩니다.,0,0,NULL,2022-04-25,,
MBC,문화,[문화연예 플러스] 에드 시런×릴 베이비 '2step'음원 공개,"황금종려상을 받은 '기생충' 이후 3년 만에 다시 쾌거를 이룰 수 있을지,",0,0,NULL,2022-04-25,,
MBC,문화,[문화연예 플러스] '종묘대제' 3년 만에 일반에 공개,코로나 19로 2년간 비공개로 치러진 '종묘대제'가 3년 만에 일반에 공개됩니다. 종묘대제는 조선왕조 역대 왕과 왕비의 신주를 모시고 지내는 제사로 유네스코 인류무형유산에 등재돼 있기도 한데요. 다음 달 1일 오후 2시 종묘 영녕전에서 거행되고요. 이달 26일 온라인 예약을 하면 되는데요. 예약을 놓쳤더라도 정전과 영녕전 앞에 설치된 대형 화면으로 제사 과정을 볼 수 있고요. 문화재청 유튜브 계정을 통해서도 영상이 중계된다고 합니다.,0,0,NULL,2022-04-25,,
MBC,문화,"[문화연예 플러스] 영국 가디언 ""BTS 병역특례 논란 조명""","영국 일간지 가디언이 BTS의 병역특례 문제를 조명하며 높은 관심을 보였습니다. 'BTS 병역 논란으로 갈라진 한국' 이란 기사에서 멤버들을 군대에 보낼지, 특례를 인정할지를 두고 찬반 의견이 팽팽하다고 전했는데요. 현행 병역법에 따라 잉글랜드 프리미어리그의 손흥민과 피아니스트 조성진이 병역 대체복무 혜택을 받은 사례를 소개했고요. 한국에서 병역 기피 유명인은 곱지 않은 시선을 견뎌야 한다며 가수 유승준의 병역 기피 사례도 거론했습니다. 가디언은 ""오남용으로 이어질 수 있다""는 의견과 ""한국의 매력을 높이는데 기여할 수 있다""는 시민 인터뷰를 소개하며 첨예하게 갈린 국민 여론을 전했습니다.",0,0,NULL,2022-04-25,,
MBC,문화,"[문화연예 플러스] 트와이스, 걸그룹 최초 '도쿄돔 3회 공연'","<문화연예플러스>입니다. 트와이스가 K팝 걸그룹 가운데 처음으로 일본 도쿄돔에서 사흘간 콘서트를 엽니다. 도쿄돔은 약 5만 명을 수용하는 현지 대표 공연장으로, 객석을 채우기 쉽지 않아 일본 가수들에게도 '꿈의 무대'로 여겨지는데요. 당초 공연은 그제와 어제, 2회 예정이었지만 초고속 매진으로 오늘 하루 긴급 추가했고요. 오늘 마지막 공연 역시, 동시 접속자로 서버도 다운되며 매진을 기록했다네요. JYP 소속사는 ""도쿄돔에서 3회 공연을 여는 여성 그룹은 일본 현지 그룹 AKB48(에이케이비 -포티에잇)에 이어 역대 두 번째로, 데뷔 후 최단기간 입성 기록""이라고 전했습니다. 지난 2월 미주 투어 전 회차 매진을 달성한 트와이스는 현지시간으로 다음 달 14일과 15일, 이틀간 미국 LA 뱅크 오브 캘리포니아 스타디움에서 K팝 걸그룹 최초로 2회 앙코르 공연을 펼칠 예정입니다.",1,0,NULL,2022-04-25,,
MBC,스포츠,[톱플레이] '밀었다니까요? 그거까지 생각해서 멈춰야지!',"앵커 수비수 몸에 밀려 베이스를 지나치면 어떻게 될까요? 톱플레이에서 확인하시죠. 리포트 메이저리그 뉴욕 양키스와 캔자스시티의 경기. 2루 주자가 런다운에 걸렸습니다. 죽기살기로 3루까지 내달려 태그를 피하는데‥ 어? 이게 뭐죠? 추격하던 수비수와 부딪히면서 3루 베이스를 지나쳐버렸고, 그대로 아웃 판정을 받습니다. 심판에게 억울함을 호소해봐도 소용없네요. 수비가 살짝 미는 것처럼 보이기도 했는데‥ '밀릴 거까지 생각해서 멈췄어야지!' 이런 판단이겠죠? --------------------------다음은 독일 분데스리가입니다. 골문 구석을 찌르는 강력한 왼발 슈팅으로 선제골을 뽑아내는 리그 최하위 퓌르트. 오늘 리그 6위 팀을 잡아낼 수 있을까요? 하지만‥ 골문 앞에서 볼을 돌리다가‥ 아‥ 어이없게 볼을 뺏기고 동점골을 내줍니다. 결국 1-1 무승부에 그친 퓌르트. 2부리그 강등에 리그 최하위까지 확정됐네요. 지금까지 톱플레이였습니다. 영상편집 / 김관순 ""본 영상은 저작권 관계로 MBC 뉴스 홈페이지에서 시청하실 수 있습니다.""",0,0,NULL,2022-04-30,,
MBC,스포츠,역전 3점포' 이원석 '오늘도 1점 차 승리',"앵커 프로야구 삼성이 이틀 연속으로 KIA에 한점차 역전승을 거뒀습니다. 이원석 선수가 결승 석점포를 터뜨렸습니다. 송기성 기자입니다. 리포트 최근 3연패에 잔루가 28개나 됐던 KIA는 이적생 박동원을 4번 지명타자에 배치하며 승부수를 띄웠습니다. 그 선택은 바로 적중했습니다. 1회부터 담장을 직격하는 1타점 2루타를 때려낸 걸 시작으로‥ 선발 원태인에게만 3타수 3안타를 기록하며 팀 공격을 이끌었습니다. KIA 타선도 힘을 내면서 7회까지 4대2 리드를 이어갔습니다. 하지만 오늘도 필승조 장현식이 흔들렸습니다. 8회초 원아웃 1.2루 위기에서 이원석에게 역전 석점 홈런을 얻어맞았습니다. 이원석의 두 경기 연속 홈런으로 전세를 뒤집은 삼성은‥ 마무리 오승환이 마운드에 올라 아웃 카운트 4개를 깔끔하게 책임지며 5대4 승리를 지켜냈습니다. 삼성은 2연승, KIA는 4연패에 빠졌습니다. ------------------------롯데의 초반 돌풍이 심상치 않습니다. 오늘도 1회 한동희의 선제 적시타와 전준우의 2점 홈런으로 경기를 쉽게 풀어갔고 선발 이인복의 7이닝 무실점 호투까지 더해 LG를 꺾고 2위 자리를 굳건히 지켰습니다. MBC 뉴스 송기성입니다.",0,0,NULL,2022-04-30,,
MBC,스포츠,시즌 3호 홈런’ 김하성 ‘방망이가 너무 뜨거워!',"앵커 토요일 밤 스포츠뉴스입니다. 메이저리그 샌디에이고의 김하성 선수가 시즌 3호 투런 홈런을 터뜨렸습니다. 요즘 방망이가 정말 뜨거운데요? 리포트 피츠버그와의 원정경기에 9번 타자 유격수로 선발 출전한 김하성 선수. 팀이 2-0으로 뒤진 3회 초, 원아웃 주자 1루에서 총알 같은 동점 홈런을 쏘아 올립니다. 149km짜리 빠른 공을 그대로 잡아당겨서‥ 비거리 129.5m의 시즌 3호 홈런! 김하성 선수가 메이저리그에서 터뜨린 11개 홈런 가운데 최장거리로 기록됩니다. 2-2로 맞선 5회 초 두 번째 타석에서도 추가점에 발판을 놓는 안타를 터뜨렸는데요. 어제 3안타 경기에 이어 두 경기 연속 멀티 히트를 기록합니다. 덕분에 샌디에이고도 4연승! 요즘 타격감이 정말 뜨겁죠? 최근 세 경기에서 11타수 6안타 7타점에 홈런과 2루타도 각각 2개씩! 타율을 2할7푼3리까지 끌어올립니다. 오늘 상대 선발이 오른손 투수였는데도 김하성 선수가 나온 걸 보면‥ 앞으로 출전 기회가 더 늘어나지 않을까요?",0,0,"맨손으로 홈런볼 잡아내는 능력자!,2022-05-01",2022-04-30,,
MBC,스포츠,[스포츠 영상] 축구종합센터 착공식‥'2년 뒤 완공입니다~',파주 트레이닝 센터를 대신해 한국 축구의 새 보금자리가 될 천안 축구종합센터 착공식이 열렸습니다.,0,0,NULL,2022-04-29,,
MBC,스포츠,골대 또 골대‥'인생골이 날아갔네',앵커 유로파리그 4강 1차전에서 프랑크푸르트가 웨스트햄을 꺾었습니다. 웨스트햄은 지독한 골대 불운에 울었습니다. 박재웅 기자입니다. 리포트 42년 만에 대회 우승을 노리는 프랑크푸르트는 시작 50초 만에 선제골을 터뜨렸습니다. 홈 팀 웨스트햄은 지독한 골대 불운에 시달렸습니다. 전반 14분 보웬의 슛이 오른쪽 골대를 맞고 나왔고 프랑크푸르트의 추가골로 2대1로 뒤진 후반 24분에도 벤라마의 슈팅이 골대 모서리를 스쳐 웨스트햄 팬들의 안타까움을 더했습니다. 그리고 총공세에 나선 후반 추가시간. 보웬의 그림같은 오버헤드킥이 또 골대를 강타하며 끝내 동점골을 넣는데 실패했습니다. 두 번이나 골대에 막힌 보웬은 머리를 감싸쥐며 좌절했고 웨스트햄은 2차전을 기약하게 됐습니다. ------ 프리미어리그에선 맨유 호날두가 3경기 연속골을 터뜨렸습니다. 첼시전에서 마티치의 로빙 패스를 동점골로 연결해 리그 17호골로 손흥민과 득점 공동 2위에 올랐습니다. 맨유는 첼시와 1대1로 비겨 승점 1점을 얻는데 그쳤습니다. 2경기 덜 치른 4위 아스널과 승점 5점 차 6위에 머물러 4위까지 주어지는 챔피언스리그 티켓을 장담할 수 없게 됐습니다. ------- 아시아챔피언스리그에선 전북이 시드니에 역전승을 거두고 K리그 팀 중 가장 먼저 16강에 진출했습니다.,0,0,"꼬비꼬비에 악랄 이간질 하는 옥반지 도깨비
목소리는 소음 소리 짜증 나는 소리 같음. 네가지 없는 쟤 정말 맞음.,2022-04-30/쓰레기 같은 년,2022-04-30",2022-04-29,,
MBC,스포츠,"""키플레이어는 감독님"" VS ""혼날 준비 됐지?""","앵커 프로농구 챔피언결정전이 사흘 뒤 시작하는데요. 불꽃튀는 승부가 예상되는 가운데 두 팀 감독과 선수들이 입담 대결을 벌였습니다. 리포트 정규리그 1위에 이어 4강 플레이오프 3전 전승까지. 압도적인 경기력으로 4년만에 정상에 도전하는 SK. 외국인 선수 1명만 뛰는 불리한 상황을 극복하고 2년 연속 챔피언결정전 우승을 노리는 인삼공사. 두 팀은 챔프전에서 처음으로 맞붙는데요. 중앙대 시절 52연승 신화를 썼던 김선형과 오세근의 첫 챔프전 대결에 리그 최고 슈터인 허일영과 전성현의 불꽃튀는 3점슛 대결. 무엇보다 화려한 개인기로 팬들의 시선을 사로 잡은 명장면 제조기, 김선형과 변준형, 두 가드의 맞대결이 가장 흥미로운 관심사입니다. [오세근/인삼공사] ""준형이가 혼내주러 간다고 했어. 혼날 준비 됐지?"" [김선형/SK] ""혼내주러 왔다가 혼나고 갈 것 같은데요."" 입담하면 빠질 수 없는 SK 최준용은 감독들의 전술을 관전포인트로 꼽았는데요. [최준용/SK] ""저희 팀 히든 플레이어는 전희철 감독님입니다. 챔피언결정전에서 전술의 빛을 발할 때가 왔습니다, 감독님. 지면 감독님 탓."" [최준용/SK] ""혹시 김승기 감독님 NBA 농구 자주 보시나요. 전술이 너무 좋으셔서 궁금해가지고‥"" 전희철, 김승기 감독 모두 5차전에서 결판이 날 거라고 봤는데요. 사흘 뒤 1차전이 벌써부터 기대가 되네요.",1,0,"정말 죽이고 싶다. 방송 하지마. 이 쓰레기 같은 년,2022-04-30/목소리부터 자질없는 쓰레기 진행자. 소음목소리 짜증나는 목소리 같음. 웃어??범죄짓하는 쓰레기 같은 년,2022-04-30",2022-04-29,,
MBC,스포츠,"강정호 복귀 거부' KBO ""야구 발전 저해 우려""","앵커 음주운전과 뺑소니 등으로 물의를 빚은 강정호의 두 번째 국내 프로야구 복귀 시도가 무산됐습니다. 하지만 아직 법적 분쟁의 소지는 남아 있습니다. 박주린 기자입니다. 리포트 한국야구위원회, KBO는 40일이 넘는 논의 끝에 키움과 강정호의 계약을 승인하지 않기로 했습니다. '리그 발전과 권익 보호를 저해할 우려가 있을 때 총재는 계약을 승인하지 않을 수 있다'는 KBO 규약에 따른 결정입니다. 이에 따라 2년 전에 이어 강정호의 두 번째 국내 복귀 시도는 불발됐습니다. [이경호/KBO 홍보팀장] ""세 차례에 걸쳐 음주운전 하여 처벌받은 사례가 있었고 (프로 선수는) 사회적 소명을 다해야 한다는 점 고려했습니다. 승인할 경우 KBO 발전에 저해된다고 판단해서‥"" KBO는 이와 별개로 키움 구단이 강정호 복귀의 선결 조건으로 신청했던 임의 해지 복귀는 허가했습니다. 강정호가 메이저리그 진출을 위해 구단과 계약을 해지했던 만큼 이를 복귀시키는 건 절차상 문제가 없다는 겁니다. 하지만 어느 팀이라도 계약이 승인되지 않으면 선수 등록이 불가한 만큼 여전히 강정호는 KBO 리그에서 뛸 수 없습니다. 이제 공은 다시 키움 구단과 강정호에게 넘어갔습니다. 지난달 강정호와의 계약 사실을 깜짝 발표해 여론의 질타를 받았던 키움은 당혹감을 감추지 못했습니다. [고형욱/키움 단장] ""임의 해지만 생각하고 있었는데 계약에 대해 불허가 떨어졌잖아요. 준비를 못해서 논의가 필요할 것 같습니다. 강정호 선수 입장과 에이전트 쪽 생각도 들어봐야 하니까‥"" 키움과 강정호가 이번 결정에 불복할 경우 가처분 신청 등 법적 대응에 나설 가능성도 있습니다. KBO도 ""소송까지 가는 최악의 경우를 감안하고 있다""며 ""이 경우 강력히 맞대응할 것""이라고 밝혔습니다.",0,0,NULL,2022-04-29,,
MBC,스포츠,3안타 3타점' 김하성 '이래도 플래툰이야?',"앵커 금요일 밤 스포츠뉴스입니다. 샌디에이고의 김하성 선수가 데뷔 첫 3안타의 맹타를 휘두르며 팀의 3연승 행진을 이끌었습니다. 송기성 기자입니다. 리포트 신시내티전에 3루수로 선발 출전한 김하성은 첫 타석에서 밀어치기로 안타를 뽑았습니다. 그리고 2대2로 맞선 6회 2사 만루. 김하성은 상대 투수의 152km 강속구를 제대로 받아쳤고, 좌익수가 잡지 못해 공이 뒤로 빠지면서 3명의 주자가 모두 홈을 밟았습니다. [현지 중계진] ""김하성이 베이스를 깨끗이 비워냅니다! 샌디에이고가 5대2로 앞서갑니다!"" 뜨거운 타격감은 8회에도 이어졌습니다. 총알처럼 뻗어나간 타구는 담장 가장 높은 곳을 때렸고, 김하성은 전력질주로 2루에 도달해 데뷔 처음으로 3안타를 기록했습니다. 현지 언론과의 인터뷰에서 ""밥을 많이 먹고 근육을 더 키워야겠다""고 농담을 던진 김하성은, 수비에서도 2회와 4회 깔끔한 더블플레이를 연결하며 내야 포지션을 가리지 않는 다재다능한 능력을 뽐냈습니다. 반면 상대 투수에 따라 김하성과 교대로 선발 출전하고 있는 경쟁자 에이브럼스는 유격수 자리에서 실책을 2개나 범했고, 공격에서도 3타수 1안타에 머물러 시즌 타율과 장타력 면에서 시즌 초반 김하성이 더 높은 점수를 받고 있습니다.",0,0,NULL,2022-04-29,,
MBC,스포츠,[MLB] 김하성 3타점 2루타 포함 3안타 맹타‥샌디에이고 3연승,"메이저리그 샌디에이고의 김하성 선수가 신시내티와의 원정 경기에서 3안타 3타점의 맹타를 휘둘러 팀의 3연승에 힘을 보탰습니다. 9번 타자 3루수로 선발 출전한 김하성은 2회 첫 타석에서 우전 안타를 뽑아냈고, 2-2로 맞선 6회 1사 만루 기회에선 주자를 모두 홈으로 불러들이는 2루타를 때렸습니다. 8회에 좌익수 쪽 2루타로 출루해 후속 적시타로 홈을 밟은 김하성은 4타수 3안타 3타점을 올려 빅리그 진출 이후 처음으로 3안타 경기를 펼쳤고, 7-5로 승리한 샌디에이고는 3연승을 달렸습니다.",2,0,NULL,2022-04-29,,
MBC,스포츠,[톱플레이] 뼈아픈 헛발질‥'우리 우승 멀어진 거야?',"승패를 가른 골키퍼의 어이없는 실책으로 톱플레이 출발합니다. 리포트 리그 2연패에 도전중인 인터밀란. 전반 3분 만에 페리시치의 왼발이 폭발합니다. 정말 강력한 중거리포죠? 볼로냐도 헤더 동점골로 응수하면서 양팀의 승부가 팽팽하게 이어지는데요. 후반 36분, 평범한 스로인인데… 골키퍼가 이걸… 아… 골을 내줍니다. 너무나도 뼈아픈 헛발질! 동료들도 괴롭고… 골키퍼는 더 괴롭고… 인터밀란이 선두 탈환에 실패합니다. ================== 마지막은 호수비입니다. 안타성 타구를 몸을 날려 낚아채더니… 여기서 그치지 않고… 더블플레이까지 연결합니다. 대량 실점을 막은 호수비! 투수도 얼마나 고마울까요? 지금까지 톱플레이였습니다.",1,0,NULL,2022-04-28,,
MBC,스포츠,"10년의 기다림' 김인태 ""인태 코인 상승해야죠""","한팀에서 기회가 올 때까지 10년을 기다릴 수가 있을까요? 올 시즌 프로야구 두산의 김인태 선수가 그 기다림의 행복을 제대로 누리고 있습니다. 박재웅 기자입니다. 리포트 타율과 출루율 리그 5위. 득점권 타율은 이정후에 이어 2위. 데뷔 10년 만에 처음으로 주전을 꿰찬 두산의 김인태입니다. [김인태/두산] ""경기를 계속 나가다 보니까 좀 자신감이 붙고‥올해는 조금 더 자신있게 돌려보자라는‥"" 지난 2013년, 1라운드 전체 4순위로 두산에 지명됐지만 김인태는 그동안 무명에 가까웠습니다. 김재환, 정수빈, 박건우 등 국가대표급 라인업에 밀려 2군에서 혼자 두산 응원가를 부르며 1군 승격의 꿈을 키웠습니다. [김인태/두산] ""승리하라! 모두가 하나 되어 크게 외쳐라~빠바바바바밤바! 최강 두산!"" [김인태/두산] ""이게 17년도로 기억이 나는데요. 2군 선수들이 힘든 걸 알기 때문에 최대한 밝게 했으면 좋겠다고 생각을 했는데‥조금 부끄럽기도 하네요."" 박건우의 이적으로 기회를 잡은 올해. 김인태는 묵혀왔던 타격 재능을 맘껏 뽐내며 첫번째 주전 시즌을 만끽하고 있습니다. 팬서비스까지 화제가 됐습니다. [김선우/해설위원] ""1번타자 김인태 많은 걸 하고 있습니다. 아주 잘하고 있고요. 팬서비스도. 여유도 좀 생겼고요. 스마일해도 됩니다."" [김인태/두산] ""(저도 어릴 때) 공 하나 던져달라고 계속 소리 질렀던 경험이 되게 많거든요. 항상 제일 깨끗한 볼을 가져가서‥하루에 한 2,3개 정도는 좀 던져주려고 하는 편이에요."" 10년이란 시간을 묵묵히 기다렸던 '만점 대타 요원', '제4의 외야수'. 이젠 두산의 새 희망으로 떠오르고 있습니다. [김인태/두산] ""요즘 팬분들이 코인을 붙여서 '인태 코인'이라고 하시는데‥이 코인이라는 것 자체가 참 상승이 돼야 되는 게 좋은 거잖아요. 한국시리즈까지 진출을 하는 데 제가 큰 보탬이 됐으면 좋겠습니다.""",20,0,NULL,2022-04-28,,
MBC,스포츠,K리그 특급' 엄원상 '이젠 결정력도 절정',"앵커 목요일 밤 스포츠뉴스입니다. K리그 선수 가운데 가장 빠른 선수가 누굴까요? 어제 아시아 챔피언스리그에서 그 대답이 될만한 골이 나왔습니다. 김태운 기자입니다. 리포트 아시아챔피언스리그 조별예선 5차전. 전반 20분 엄원상의 폭풍 질주가 시작됩니다. 독보적인 스피드로 수비를 따돌리고 국가대표 출신 골키퍼 정성룡마저 뚫어내면서 환상적인 득점을 터뜨렸습니다. 엄원상의 원더골을 앞세운 울산도 3연승으로 조 1위 희망을 살렸습니다. [엄원상 / 울산] ""오늘 경기가 되게 중요한 걸 알고 있어서 준비를 열심히 했었는데 팀에 도움이 된 것 같아서 다행인 것 같아요."" 올 시즌 엄원상의 골 감각은 물이 올랐습니다. 예전에는 빠르기만 했다면 이제는 결정력도 몰라보게 향상됐습니다. 오른발과 왼발을 가리지 않는데다 작은 키에도 헤더골도 2골이나 됩니다. 리그 4골 포함 올 시즌 벌써 7골. 수비수 2~3명은 가볍게 제치는 저돌적인 드리블까지 선보이면서‥ '엄살라'라는 별명처럼 리버풀의 살라를 떠올리게 할 정도입니다. [엄원상 / 울산] ""너무 과분할 정도로 감사한 별명이죠. 뺏기더라도 자신 있게 하라고 해서 이제 자연스럽게 볼을 잡으면 되든 안 되든 그냥 일단 돌진하는 것 같아요."" 시속 35km에 달하는 순간 스피드로 팬들 사이에서 재미난 농담도 오갔습니다. [엄원상 / 울산] ""'어린이 보호구역에서 뛰면 안 된다'고 어떤 친구가 캡처해서 저한테 보내주더라고요. 그런 것까지 어떻게 과연 생각을 했을까‥"" 월드컵과 아시안게임을 앞둔 올해‥일단 아시안게임 출전이 목표입니다. [엄원상 / 울산] ""아시안게임이라는 이제 큰 대회가 있어가지고, 또 중요한 대회인 것도 저도 잘 알고, 좋은 모습 더 보여드려야될 것 같아요."" MBC뉴스 김태운입니다. 영상편집 : 김민호 / 영상출처 : 유튜브(케이싸커) / 자료제공 : 핏투게더 ""본 영상은 저작권 관계로 MBC 뉴스 홈페이지에서 시청하실 수 있습니다.""",4,0,NULL,2022-04-28,,
MBC,스포츠,[스포츠 영상] 피렐라의 다이빙 캐치‥'안타 놓쳤지만 그래도 박수!',앵커 안타성 타구를 걷어올린 삼성 피렐라 선수의 그림 같은 호수비입니다. 상대 타자도 박수를 보낼만하죠. 수요일밤 스포츠뉴스였습니다.,0,0,NULL,2022-04-27,,
MBC,스포츠,[톱플레이] '빅리그 10호' 김하성 '초구를 2층 관중석으로',"앵 커 김하성 선수의 빅리그 통산 10호 홈런으로 톱플레이 출발합니다. 리포트 3회 김하성 선수의 첫 타석. 초구를 그대로 강타해서 126m짜리 동점 솔로포를 관중석 2층으로 날려버립니다. 시즌 2호포이자 빅리그 통산 10번째 홈런. 동료와 합을 맞춘 세리머니도 인상적이네요. ============================== 9회말, 한 점 뒤진 미네소타의 공격. 원아웃에 주자는 1.2루. 외야 직선타로 사건이 시작됩니다. 잡히는 줄 알았는지‥ 2루 주자가 3루까지 밖에 못갔는데‥ 어‥1루 주자도 2루를 돌아 3루를 향합니다. 대단히 혼란스러운 상황! 포수가 3루로 던지는데‥ 뒤로 빠졌어요! 그 사이 3루 주자 득점! 그리고 다른 주자까지~ 들어옵니다. 순식간에 벌어진 역전 끝내기! 정말 정신이 하나도 없네요. 마지막은 NBA입니다. 하프 라인부터 시동을 거는 자 모란트~~~ 와우! 엄청난 인유어페이스 덩크! 믿기지 않는 탄력이네요. ""본 영상은 저작권 관계로 MBC 뉴스 홈페이지에서 시청하실 수 있습니다.""",0,0,NULL,2022-04-27,,
MBC,스포츠,흥미진진 '7골 난타전' 승패 떠난 '최고 명승부',"앵커 챔피언스리그 4강 1차전에서 7골이 오고 가는 난타전이 펼쳐졌습니다. 맨체스터 시티와 레알 마드리드의 명승부에 승자와 패자, 팬들 모두 박수를 보냈습니다. 송기성 기자입니다. 리포트 첫 골은 시작 94초 만에 나왔습니다. 데브라위너가 헤더 선제골을 터뜨렸습니다. 맨시티의 공세는 계속됐습니다. 제주스의 추가골로 2-0을 만들었습니다. 침묵하던 레알은 벤제마가 포문을 열었습니다. 감각적인 슈팅으로 골문 구석을 찔렀습니다. 레알의 추격에 초조해진 과르디올라 감독은 후반 8분, 포든의 헤더골이 터지고 나서야 양쪽 엄지를 치켜세우며 미소를 되찾았습니다. 하지만 불과 2분 만에 웃음기는 사라졌습니다. 비니시우스가 폭발적인 질주로 오늘 경기 최고의 명장면을 만들어냈습니다. 속임 동작도 완벽했고 스피드와 마무리도 환상적이었습니다. 승부는 3:2 다시 한 점 차. 레알이 쫒아오자 맨시티는 다시 도망갔습니다. 파울 상황에 상대 수비가 머뭇거리던 순간 실바가 강력한 왼발 슈팅을 꽂아 넣었습니다. 레알도 끝까지 저항했습니다. 페널티킥을 얻어냈고 벤제마가 나섰습니다. 이번달에만 무려 4번이나 페널티킥 실축을 기록했던 벤제마. 하지만 강심장답게 대담한 파넨카킥으로 스코어 4:3을 만들었고 승부는 그대로 끝났습니다. 팬들을 열광시킨 7골을 주고받은 명승부에 승자와 패자 모두 박수를 보냈습니다. [과르디올라/맨시티 감독] ""양 팀 모두 환상적인 경기를 펼쳤습니다. 레알은 이렇게 상대를 혼쭐낼 수 있는 팀입니다."" [안첼로티/레알 마드리드 감독] ""축구 팬의 한사람으로서, 그리고 레알 마드리드의 감독으로서 정말 훌륭한 경기였습니다."" 두 팀은 다음달 5일 마드리드에서 결승 티켓을 놓고 최후의 일전을 펼칩니다. MBC뉴스 송기성입니다. 영상편집:김관순 ""본 영상은 저작권 관계로 MBC 뉴스 홈페이지에서 시청하실 수 있습니다.""",0,0,NULL,2022-04-27,,
MBC,스포츠,"5달 만의 복귀' 신유빈 ""이제 겨우 19살이라··""","부상으로 아시안게임 꿈을 접었던 신유빈 선수가 5달 만에 다시 돌아왔습니다. 아쉬움은 이제 털어냈다며 다시 탁구를 하는 것만으로도 감사하다네요. 김태운 기자입니다. 리포트 지난해 세계선수권 도중 오른쪽 손목뼈 골절로 기권했던 신유빈. ============================== 신유빈이 5달 만에 부상에서 돌아왔습니다. 오랜만에 느껴보는 뜨거운 관심. ""나 어떡해. 부끄러워. 이게 올림픽 때보다 더 떨리는 것 같은데…"" [신유빈 / 대한항공] ""생각보다 많은 분들이 와 주셔서 살짝 당황하기도 했는데 그래도 오랜만에 이렇게 뵈니까 좋은 것 같습니다."" 손목에 테이핑을 하고 나온 신유빈은 훈련 내내 마냥 즐거운 모습이었습니다. ""제가 탁구를 너무 좋아한다는 걸 다시 한 번 느낀 것 같고, '나도 빨리 탁구 치고 싶다'라는 생각도 많이 하고…"" 부상으로 선발전을 포기하면서 올해 아시안게임에 나서지 못하게 됐지만‥ 오히려 어린 후배들의 등장이 더 반가웠다고 했습니다. ""저도 아직 19살이라서 (나이를) 많이 먹은 편은 아니에요. 처음에 포기했을 때는 굉장히 힘들었어요. 그래도 앞으로 더 많은 기회가 있고 다른 선수들이 잘하는 선수들이 많이 생기니까 저도 더 기분이 좋은 것 같고…"" 재활 기간 동안 손목을 쓰지 않는 대신… 하체와 근력 운동에 집중했다는 신유빈은 막바지 재활로 컨디션을 끌어올린 뒤 다음 달 미국 국제대회에서 복귀전을 치를 예정입니다.",2,0,NULL,2022-04-27,,
MBC,스포츠,"'국제 심판 자격 박탈' 최용구 ""후회는 없습니다""","앵커 수요일 밤 스포츠뉴스입니다. 지난 베이징 겨울올림픽에서 쇼트트랙 편파 판정에 소신 발언을 했던 최용구 심판의 국제 심판 자격이 박탈됐습니다. 국제 빙상 경기연맹의 일방적인 결정에도 최용구 심판은 후회는 없다고 했습니다. 김수근 기자입니다. 리포트 베이징 올림픽 쇼트트랙 1000미터 준결승. 황대헌은 중국 선수 두 명을 절묘하게 제쳤고‥ 이준서도 정상적인 주행을 펼쳤지만‥ 두 선수는 뒤늦은 레인 변경으로 실격이라는 이해하기 힘든 판정을 받아야 했습니다. ""이거 정말 옷깃만 스쳐도 (실격) 준다고 하는 건가요? 아‥ 정말 말도 안 되네요."" 곧바로 다음날 열린 선수단 긴급 기자회견에서 쇼트트랙 지원단장이던 최용구 국제 심판은 오심과 편파판정에 직격탄을 날렸습니다. 심판위원장까지 직접 겨냥했습니다. [최용구/국제빙상연맹 국제심판(지난 2월)] ""오심은 한 번으로 족하지 한 번 이상이 되면 그건 오심이 아닙니다. 고의적입니다. 거의 톱 랭킹에 있는 심판입니다. '도대체 이 사람 왜 이런 결정을 할까' 하는 좀 의심이 많이 갑니다."" 최용구 심판의 이 발언이 문제가 됐습니다. '심판이 심판을 평가해도 되냐'며 2개 나라가 국제빙상경기연맹 ISU에 문제를 삼았고 ISU 기술위원회는 지난 8일, 최용구 심판에게 전화로 국제 심판 자격 박탈을 통보했습니다. 우리나라 국제 심판도 2명으로 줄었습니다. 최용구 심판은 일말의 후회도 없다고 했습니다. [최용구/대한빙상연맹 심판이사] ""징계를 받을 건 감안을 하고 한 거예요. (당시에) 제가 안 하면 우리 선수들이 더 많은 상처를 받을 수도 있고‥ 우리 선수들이 그 후에 또 잘했지 않습니까. 후회 안 합니다."" 그리고 더 이상 부당한 일을 당하지 않도록 4년 뒤 ISU 기술위원에도 출마할 생각입니다. [최용구/대한빙상연맹 심판이사] ""어떻게든 기술위원이 돼서 다음 올림픽이나 추후에 우리 선수들이 불이익 안 받게끔 후배 심판들을 키워야죠."" 대한빙상경기연맹은 ISU 공식 통보를 받는 대로 이의 제기 여부를 논의할 예정입니다.",3,2,"우리나라를 포함해서 세상이 온통 비리가 판을 치는구나!
이렇게 가다간 머지않아 인류는 멸망할거다.,2022-04-28",2022-04-27,,
MBC,스포츠,"수원, 김천 상무와 승부차기 끝에 FA컵 16강 진출",프로축구 수원 삼성이 김천 상무와의 FA컵 3라운드에서 승부차기 끝에 승리를 거두고 16강 진출에 성공했습니다. 이병근 감독이 새롭게 지휘봉을 잡고 처음 공식 경기에 나선 수원은 전반 10분 정승원의 오른발 슈팅으로 선제골을 터뜨렸지만 후반 45분 김지현에게 헤더 동점골을 허용하며 연장전을 거쳐 결국 승부차기에 돌입했습니다. 수원은 승부차기에서 골키퍼 양형모가 김천 조규성과 권창훈의 슛을 잇따라 막아내며 4대3으로 승리했습니다.,0,0,NULL,2022-04-27,,
MBC,스포츠,기업인들 만난 ‘벤처 98세대’ 안철수…새 정부 ‘ESG 금융 공급 확대’ 선물할까,프로축구 수원 삼성이 김천 상무와의 FA컵 3라운드에서 승부차기 끝에 승리를 거두고 16강 진출에 성공했습니다. 이병근 감독이 새롭게 지휘봉을 잡고 처음 공식 경기에 나선 수원은 전반 10분 정승원의 오른발 슈팅으로 선제골을 터뜨렸지만 후반 45분 김지현에게 헤더 동점골을 허용하며 연장전을 거쳐 결국 승부차기에 돌입했습니다. 수원은 승부차기에서 골키퍼 양형모가 김천 조규성과 권창훈의 슛을 잇따라 막아내며 4대3으로 승리했습니다.,0,0,NULL,2022-04-27,,
MBC,스포츠,"임성재·김시우, 아시안게임 골프 대표팀 합류‥여자 프로는 불참","세계 랭킹 19위 임성재와 51위 김시우 등 9월 항저우 아시안게임에 출전할 남녀 골프 대표 7명이 확정됐습니다. 대한골프협회는 ""이번 아시안게임부터 프로 선수 출전이 허용됨에 따라 PGA 투어에서 활동하는 임성재와 김시우를 별도의 선발전 없이 세계 랭킹을 기준으로 선발했다""고 밝혔습니다. 남자부에서는 이들 외에도 장유빈, 조우영 등 아마추어 선수 2명이 대표팀에 승선했습니다. 여자부에서는 세계랭킹 1위 고진영 등 프로 선수들이 출전을 사양함에 따라, 방신실, 김민별, 정지현 등 아마추어 선수 3명이 대표 자격을 얻었습니다.",0,0,NULL,2022-04-27,,
